,name,url,id,popularity,followers,genres
0,Tah.,https://open.spotify.com/artist/5tbllvHfDoHsDZuTnrs9Pb,5tbllvHfDoHsDZuTnrs9Pb,44,386,[]
1,Moira Mack,https://open.spotify.com/artist/3IntPd2VgK6D2JovdxZ47V,3IntPd2VgK6D2JovdxZ47V,26,694,['pop soul']
2,Aeble,https://open.spotify.com/artist/2rj2ySmbSsmrzVGtufnXAZ,2rj2ySmbSsmrzVGtufnXAZ,43,2174,['indie soul']
3,Behind Clouds,https://open.spotify.com/artist/3H6djQE6LC4llH3i5t2tZM,3H6djQE6LC4llH3i5t2tZM,39,3145,"['focus beats', 'lo-fi beats']"
4,Rothstein,https://open.spotify.com/artist/0Qta34kIeeonfyC692s5b8,0Qta34kIeeonfyC692s5b8,36,3247,[]
5,Homage,https://open.spotify.com/artist/0Nax9ohdb2ezDUpPmT3iMz,0Nax9ohdb2ezDUpPmT3iMz,36,3627,[]
6,RED Hands,https://open.spotify.com/artist/71NpTPgQYCxTExcd2n6UT4,71NpTPgQYCxTExcd2n6UT4,32,3701,[]
7,Her Songs,https://open.spotify.com/artist/7cehRwLzdNrpS7mS8a4JZO,7cehRwLzdNrpS7mS8a4JZO,30,5434,[]
8,Michael Da Vinci,https://open.spotify.com/artist/2POqOOLcEH30IODCaW1Ytw,2POqOOLcEH30IODCaW1Ytw,35,5949,[]
9,The BREED,https://open.spotify.com/artist/5Xl8d6HbzkkwWmSQSOsv7k,5Xl8d6HbzkkwWmSQSOsv7k,50,6350,"['chillhop', 'jazz boom bap', 'lo-fi jazzhop']"
10,Yakul,https://open.spotify.com/artist/0Pi3s9W42iTzuxDp7GKIfO,0Pi3s9W42iTzuxDp7GKIfO,37,7093,"['brighton indie', 'indie r&b', 'neo r&b']"
11,Shantel May,https://open.spotify.com/artist/3dLvESWiG5LWozJmdvk6D0,3dLvESWiG5LWozJmdvk6D0,33,7192,[]
12,Kenneth Whalum,https://open.spotify.com/artist/2lnrl1gyJvhaFtNIIRnB16,2lnrl1gyJvhaFtNIIRnB16,35,8038,['neo r&b']
13,Claudia Isaki,https://open.spotify.com/artist/5Q8asiEUYLobc6DvKIsqOP,5Q8asiEUYLobc6DvKIsqOP,37,8642,['christian pop']
14,Dot Demo,https://open.spotify.com/artist/2ID5ZEW2EbdUo1oEjwJnD3,2ID5ZEW2EbdUo1oEjwJnD3,36,8770,"['indie hip hop', 'underground hip hop']"
15,Brian Fresco,https://open.spotify.com/artist/6XlV5geX7LvRcoeBnItw2I,6XlV5geX7LvRcoeBnItw2I,29,9965,['indie hip hop']
16,Kayla Rae,https://open.spotify.com/artist/0cz0uZX8a30POuEC2hDL9j,0cz0uZX8a30POuEC2hDL9j,40,10354,['denver rap']
17,Nix Northwest,https://open.spotify.com/artist/1nJX9DZHvd27lKDx8NM8Rt,1nJX9DZHvd27lKDx8NM8Rt,48,10521,['uk alternative hip hop']
18,Conor Albert,https://open.spotify.com/artist/0zJjil03QRbxSliMkw230M,0zJjil03QRbxSliMkw230M,50,10874,"['indie r&b', 'indie soul']"
19,Sugi.wa,https://open.spotify.com/artist/0XUBVuE1odesNug0oKt9Me,0XUBVuE1odesNug0oKt9Me,48,11224,"['chillhop', 'lo-fi beats']"
20,Kennedy Rd.,https://open.spotify.com/artist/1ZtRTibAPAEbO8iydpyzWu,1ZtRTibAPAEbO8iydpyzWu,28,11291,"['canadian contemporary r&b', 'indie r&b', 'pop r&b', 'trap soul']"
21,edbl,https://open.spotify.com/artist/7ncd26zzbpqgZRroBKmReO,7ncd26zzbpqgZRroBKmReO,49,11634,"['indie r&b', 'indie soul']"
22,NAYANA IZ,https://open.spotify.com/artist/2d8cMSPIFolHyxuox8ESfm,2d8cMSPIFolHyxuox8ESfm,45,11680,"['indie r&b', 'uk alternative hip hop']"
23,Jerome Thomas,https://open.spotify.com/artist/3w3vmT2hRskRBwDZdjUlAp,3w3vmT2hRskRBwDZdjUlAp,43,12189,"['alternative r&b', 'chill r&b', 'indie r&b', 'indie soul', 'neo r&b', 'uk contemporary r&b']"
24,lost spaces,https://open.spotify.com/artist/387YZVajWRq3ZPiCxiX07b,387YZVajWRq3ZPiCxiX07b,43,13060,['chill r&b']
25,Jafunk,https://open.spotify.com/artist/5KtUig38eqxK2rOtHZnz0k,5KtUig38eqxK2rOtHZnz0k,51,13086,"['funky house', 'indie soul', 'new french touch']"
26,p-rallel,https://open.spotify.com/artist/0YSI1Vwzd1u7wO7p3md4qD,0YSI1Vwzd1u7wO7p3md4qD,49,14027,['uk alternative hip hop']
27,Reuben James,https://open.spotify.com/artist/5tA28joO5iZ0eCnvyctqRH,5tA28joO5iZ0eCnvyctqRH,43,14229,"['indie r&b', 'indie soul', 'neo r&b', 'uk contemporary r&b']"
28,Kids These Days,https://open.spotify.com/artist/2A2MfAaWoDvGe0jhcZjKaY,2A2MfAaWoDvGe0jhcZjKaY,28,14677,[]
29,Marie Dahlstrom,https://open.spotify.com/artist/49NfOTfSPhrb0sJBVYS1iM,49NfOTfSPhrb0sJBVYS1iM,46,14706,"['alternative r&b', 'chill r&b', 'indie r&b', 'neo r&b', 'uk contemporary r&b']"
30,Raquel Rodriguez,https://open.spotify.com/artist/7CPwAwFBnruFlDqUQCrM1Q,7CPwAwFBnruFlDqUQCrM1Q,43,15716,"['indie r&b', 'neo r&b']"
31,Pastel,https://open.spotify.com/artist/6wa2PiIWrIhhz6lRQEGQpO,6wa2PiIWrIhhz6lRQEGQpO,48,16153,[]
32,Milky Day,https://open.spotify.com/artist/7FIqXqYZHMomTAcTXF4UHu,7FIqXqYZHMomTAcTXF4UHu,52,16726,['chill r&b']
33,Chaz French,https://open.spotify.com/artist/3BYzEWh3pY0DZpMN0hFufv,3BYzEWh3pY0DZpMN0hFufv,36,17442,['dmv rap']
34,Gwen Bunn,https://open.spotify.com/artist/6dPh96zLnVMZVHnr66WRjg,6dPh96zLnVMZVHnr66WRjg,43,17582,"['alternative r&b', 'chill r&b', 'indie r&b', 'neo r&b']"
35,Omen,https://open.spotify.com/artist/5j1BNsC9xeWGfBVCzzg6fc,5j1BNsC9xeWGfBVCzzg6fc,52,17801,['chicago rap']
36,Natalie Lauren,https://open.spotify.com/artist/0v4qnnnTMi9mgN3DUxCfHK,0v4qnnnTMi9mgN3DUxCfHK,35,18046,[]
37,Tertia May,https://open.spotify.com/artist/2l5D9yWJD8XtjzTMCKUown,2l5D9yWJD8XtjzTMCKUown,38,18360,['uk contemporary r&b']
38,CAPYAC,https://open.spotify.com/artist/5QP5fl1l4e9NmKmkMUOTF5,5QP5fl1l4e9NmKmkMUOTF5,45,18575,"['austindie', 'indie soul', 'new french touch', 'nu disco']"
39,Sasha Keable,https://open.spotify.com/artist/7MxGWmiAbqjNOGmj23wbWf,7MxGWmiAbqjNOGmj23wbWf,48,18706,['uk contemporary r&b']
40,Myke Bogan,https://open.spotify.com/artist/5BLrsIX3Uipmt9QAiZGYEl,5BLrsIX3Uipmt9QAiZGYEl,38,19704,['portland hip hop']
41,Finn Foxell,https://open.spotify.com/artist/1PK0iReBf7u59diWAXC3wR,1PK0iReBf7u59diWAXC3wR,51,19839,['uk alternative hip hop']
42,Latasha Lee,https://open.spotify.com/artist/1D8jzmybTOgH82MsFsCxKf,1D8jzmybTOgH82MsFsCxKf,44,20344,['pacific islands pop']
43,Iris Temple,https://open.spotify.com/artist/1ti0u37FfK0AO8cM2n7Ncr,1ti0u37FfK0AO8cM2n7Ncr,36,20421,['bedroom soul']
44,Marcellus Juvann,https://open.spotify.com/artist/207WozQ2u38q4rRu9quqMU,207WozQ2u38q4rRu9quqMU,44,20838,"['deep underground hip hop', 'indie hip hop', 'underground hip hop']"
45,Sam Wills,https://open.spotify.com/artist/7JFinw4LobpCUjapyKvsjo,7JFinw4LobpCUjapyKvsjo,52,20971,"['alternative r&b', 'chill r&b', 'indie r&b', 'indie soul', 'neo r&b', 'uk contemporary r&b']"
46,Connie Constance,https://open.spotify.com/artist/4RB2kk5dmocmMiHFBlmOEt,4RB2kk5dmocmMiHFBlmOEt,40,21203,['uk contemporary r&b']
47,Blended Babies,https://open.spotify.com/artist/1hFXEoLCso0TI0QvWJdukg,1hFXEoLCso0TI0QvWJdukg,43,21347,[]
48,Patrick Paige II,https://open.spotify.com/artist/3rTMj1pmRvXBfzAEIk9XX9,3rTMj1pmRvXBfzAEIk9XX9,44,22014,"['alternative r&b', 'indie r&b', 'indie soul']"
49,Donnie Trumpet,https://open.spotify.com/artist/7qbQOln6DZHcPm6l94PXU5,7qbQOln6DZHcPm6l94PXU5,40,22297,[]
50,Jimi Tents,https://open.spotify.com/artist/1KW04GdOuzrsTVOAVd6eRg,1KW04GdOuzrsTVOAVd6eRg,35,22452,[]
51,Peter CottonTale,https://open.spotify.com/artist/4mkGZGaUTIpyG1LnZ6nNIi,4mkGZGaUTIpyG1LnZ6nNIi,49,22724,[]
52,Zilo,https://open.spotify.com/artist/3fcW2V4zOfFm0IsWCJUuzz,3fcW2V4zOfFm0IsWCJUuzz,42,22988,"['alternative r&b', 'bass trap', 'chill r&b', 'indie r&b']"
53,Paloma Ford,https://open.spotify.com/artist/3H91WvXn7klxNAxzQ9CqVK,3H91WvXn7klxNAxzQ9CqVK,36,22992,['pop r&b']
54,Yayyoung,https://open.spotify.com/artist/1mefU9eSDsjTwOJK0gn7xZ,1mefU9eSDsjTwOJK0gn7xZ,47,23218,"['bedroom soul', 'chill r&b']"
55,Kofi Stone,https://open.spotify.com/artist/0htlZDCG9I8LSENteF1TyQ,0htlZDCG9I8LSENteF1TyQ,50,23351,['uk alternative hip hop']
56,Radiant Children,https://open.spotify.com/artist/2e0Bkreg0zzfE5umvfKQXf,2e0Bkreg0zzfE5umvfKQXf,44,23864,"['alternative r&b', 'indie r&b', 'indie soul', 'uk contemporary r&b']"
57,Lou Phelps,https://open.spotify.com/artist/74EhQOxqIuZSj1wsMLQabN,74EhQOxqIuZSj1wsMLQabN,46,24061,"['canadian hip hop', 'indie soul']"
58,Haley Smalls,https://open.spotify.com/artist/5uTsMjH1CdE81ncmOnE4WY,5uTsMjH1CdE81ncmOnE4WY,34,24476,['pop r&b']
59,Aeris Roves,https://open.spotify.com/artist/1O5IeYqvtwnWzlNq3Ux3jd,1O5IeYqvtwnWzlNq3Ux3jd,48,24876,['uk contemporary r&b']
60,Dan Caplen,https://open.spotify.com/artist/2U3FuHYvL3vhkbDAXm24Ep,2U3FuHYvL3vhkbDAXm24Ep,66,25216,"['neo soul', 'uk contemporary r&b']"
61,Gyyps,https://open.spotify.com/artist/6yrnKnj4fIE0RlanJ1iFTI,6yrnKnj4fIE0RlanJ1iFTI,44,25553,"['deep underground hip hop', 'underground hip hop']"
62,Kembe X,https://open.spotify.com/artist/4uc4iep3LqgSj8qN4kp7qD,4uc4iep3LqgSj8qN4kp7qD,45,26093,"['indie hip hop', 'underground hip hop']"
63,Subculture Sage,https://open.spotify.com/artist/5HZXZ01UBUXhMpdei2vULP,5HZXZ01UBUXhMpdei2vULP,44,26196,['uk alternative hip hop']
64,Innanet James,https://open.spotify.com/artist/7p1KdHKrIDsXbiHnRNPOTG,7p1KdHKrIDsXbiHnRNPOTG,36,26826,['dmv rap']
65,Jordan Hollywood,https://open.spotify.com/artist/1mGW7MpR3kesskLHY3Q5WX,1mGW7MpR3kesskLHY3Q5WX,38,27142,['trap soul']
66,The Shadowboxers,https://open.spotify.com/artist/3gq3IRuBKSmyBbGXwfagj4,3gq3IRuBKSmyBbGXwfagj4,45,27252,[]
67,Lance Skiiiwalker,https://open.spotify.com/artist/4jlguclMzgjLqZPqF9s19O,4jlguclMzgjLqZPqF9s19O,41,27361,"['psychedelic hip hop', 'underground hip hop']"
68,Lou Val,https://open.spotify.com/artist/6u3PN3PCsWLGsw1OffKQ2F,6u3PN3PCsWLGsw1OffKQ2F,45,27551,"['alternative r&b', 'canadian contemporary r&b', 'chill r&b', 'indie r&b', 'trap soul']"
69,Supa Bwe,https://open.spotify.com/artist/05kWC05qQmocVoC5Udgl6D,05kWC05qQmocVoC5Udgl6D,41,28473,"['pop rap', 'underground hip hop']"
70,Lyves,https://open.spotify.com/artist/0q31MBlCXGIFG6gl11Yn0t,0q31MBlCXGIFG6gl11Yn0t,41,28551,"['alternative r&b', 'vapor soul']"
71,Electrik Red,https://open.spotify.com/artist/6lu1azxkCc8fQMYIhyQn8J,6lu1azxkCc8fQMYIhyQn8J,21,28760,"['girl group', 'hip pop', 'r&b', 'urban contemporary']"
72,Jayla Darden,https://open.spotify.com/artist/2FcXBEz4zZpJGNO8CSrchU,2FcXBEz4zZpJGNO8CSrchU,44,28907,"['alternative r&b', 'chill r&b', 'indie r&b', 'pop r&b', 'trap soul']"
73,brb.,https://open.spotify.com/artist/2XBiI8PjCnjJ3XKWtiKcvc,2XBiI8PjCnjJ3XKWtiKcvc,53,29110,"['chill r&b', 'singaporean pop']"
74,Jerreau,https://open.spotify.com/artist/1xMXwKQhYLclPctEzpm4nr,1xMXwKQhYLclPctEzpm4nr,44,29163,[]
75,Ginette Claudette,https://open.spotify.com/artist/44FcajG2fONeWG1KEy0DBt,44FcajG2fONeWG1KEy0DBt,34,29376,"['indie r&b', 'pop r&b']"
76,Hablot Brown,https://open.spotify.com/artist/6LtgEnShwvrqAaKohg7skM,6LtgEnShwvrqAaKohg7skM,50,29464,"['alternative r&b', 'indie r&b', 'indie soul']"
77,JON VINYL,https://open.spotify.com/artist/6PvScqSJuICxvoA3UDYPmu,6PvScqSJuICxvoA3UDYPmu,50,29594,"['alternative r&b', 'canadian contemporary r&b', 'chill r&b', 'indie r&b', 'pop r&b', 'trap soul']"
78,Trapo,https://open.spotify.com/artist/1ajTetyk95Ba8KUEYn7PT4,1ajTetyk95Ba8KUEYn7PT4,36,30201,['indie hip hop']
79,ShaqIsDope,https://open.spotify.com/artist/3Is1kGaN2jmS0hB1Hn6dp4,3Is1kGaN2jmS0hB1Hn6dp4,41,30219,"['canadian hip hop', 'deep underground hip hop', 'toronto rap', 'trap soul', 'underground hip hop']"
80,Nick Grant,https://open.spotify.com/artist/2QOP6zKx1d0gGEtuuXOvJ3,2QOP6zKx1d0gGEtuuXOvJ3,43,30421,['atl hip hop']
81,Tunji Ige,https://open.spotify.com/artist/5fW1JQP4DfDyNqvYQ5m4Ju,5fW1JQP4DfDyNqvYQ5m4Ju,46,30422,['underground hip hop']
82,Sylo Nozra,https://open.spotify.com/artist/0QitJHI0ZwMa5F9TR6EYSl,0QitJHI0ZwMa5F9TR6EYSl,47,30555,"['alternative r&b', 'canadian contemporary r&b', 'chill r&b', 'indie r&b']"
83,Serayah,https://open.spotify.com/artist/3N3R2mEESjTYM3W6ye2bod,3N3R2mEESjTYM3W6ye2bod,48,30710,['pop r&b']
84,Amber Olivier,https://open.spotify.com/artist/5qeWpRuIDDT5BBPojh8afd,5qeWpRuIDDT5BBPojh8afd,33,30755,"['alternative r&b', 'uk contemporary r&b']"
85,Adeline,https://open.spotify.com/artist/5RRfTrwXUGYiBB0DMV4hyh,5RRfTrwXUGYiBB0DMV4hyh,51,30887,"['indie r&b', 'indie soul']"
86,Ye Ali,https://open.spotify.com/artist/0Maq4Nk8ZM6keGZjTCXGIH,0Maq4Nk8ZM6keGZjTCXGIH,44,31071,"['alternative r&b', 'indiana hip hop', 'indie r&b', 'pop r&b', 'trap soul']"
87,vbnd,https://open.spotify.com/artist/5KbEFz293OMDqqk9ajZKZV,5KbEFz293OMDqqk9ajZKZV,46,31654,"['indie r&b', 'vapor twitch']"
88,YGTUT,https://open.spotify.com/artist/5rOkxO8Va1CnXhF7nrHMrU,5rOkxO8Va1CnXhF7nrHMrU,52,33453,"['indie hip hop', 'tennessee hip hop', 'underground hip hop']"
89,temp.,https://open.spotify.com/artist/3fy7EyjDaIZ3BNhNOv2jtQ,3fy7EyjDaIZ3BNhNOv2jtQ,35,33619,['thai indie pop']
90,IYAMAH,https://open.spotify.com/artist/3kf01riKEcjHq6eiATvWT1,3kf01riKEcjHq6eiATvWT1,43,34089,"['alternative r&b', 'chill r&b', 'indie r&b', 'uk contemporary r&b']"
91,Quentin Miller,https://open.spotify.com/artist/6po19E0R9xffrgzrg84TC9,6po19E0R9xffrgzrg84TC9,49,34382,"['atl hip hop', 'trap soul', 'underground hip hop']"
92,Nakala,https://open.spotify.com/artist/4dw1gYD42SHeDoxl7SKDhS,4dw1gYD42SHeDoxl7SKDhS,39,34710,"['alternative r&b', 'chill r&b', 'indie r&b', 'trap soul', 'uk contemporary r&b']"
93,Christian Kuria,https://open.spotify.com/artist/4uaGojdWj4H6cTJydZUPWG,4uaGojdWj4H6cTJydZUPWG,61,35048,"['alternative r&b', 'chill r&b', 'indie r&b']"
94,Hare Squead,https://open.spotify.com/artist/3OqgnoaUHWX4ih4oAL0zzQ,3OqgnoaUHWX4ih4oAL0zzQ,51,35912,['irish hip hop']
95,Elli Ingram,https://open.spotify.com/artist/29Dil4ZXNOwBukXdVL1EwB,29Dil4ZXNOwBukXdVL1EwB,41,36532,['uk contemporary r&b']
96,Lily Moore,https://open.spotify.com/artist/1SQeTDXO492WB6aFvrntSS,1SQeTDXO492WB6aFvrntSS,47,36759,['uk contemporary r&b']
97,kiLL edward,https://open.spotify.com/artist/3EWxytcxaM0tksU6v3je2Q,3EWxytcxaM0tksU6v3je2Q,49,36806,[]
98,Noah Slee,https://open.spotify.com/artist/2inX1svE5swPuIBIJdrFyo,2inX1svE5swPuIBIJdrFyo,44,36811,"['indie soul', 'vapor soul']"
99,Pomo,https://open.spotify.com/artist/6YtlR8MLfO6azxwOKAvEi3,6YtlR8MLfO6azxwOKAvEi3,48,37106,"['canadian electronic', 'new french touch']"
100,Kartell,https://open.spotify.com/artist/3E4UsjXgFv2GdwshMkkJze,3E4UsjXgFv2GdwshMkkJze,50,37285,"['filter house', 'indie soul', 'new french touch', 'nu disco']"
101,Barney Artist,https://open.spotify.com/artist/5iRM7qYip6UNfQaPe2reCz,5iRM7qYip6UNfQaPe2reCz,49,37896,"['indie soul', 'uk alternative hip hop']"
102,Jess Connelly,https://open.spotify.com/artist/1XC87A3NVlw6xDW1kIB5FN,1XC87A3NVlw6xDW1kIB5FN,46,38252,"['pinoy indie', 'pinoy trap', 'tagalog rap']"
103,Rosie Lowe,https://open.spotify.com/artist/3xGUleMP0VqmYNXcGBNhnI,3xGUleMP0VqmYNXcGBNhnI,46,38662,"['alternative r&b', 'uk contemporary r&b']"
104,Allan Kingdom,https://open.spotify.com/artist/1tUALn7PEhW7LpMuxvat2x,1tUALn7PEhW7LpMuxvat2x,51,39065,['underground hip hop']
105,Stephen Day,https://open.spotify.com/artist/4cnFw4bkIWVGKUBsr93OS5,4cnFw4bkIWVGKUBsr93OS5,55,39295,['indiecoustica']
106,Moods,https://open.spotify.com/artist/14uVJsPC4DByeuD0cq36ez,14uVJsPC4DByeuD0cq36ez,54,39402,"['chillhop', 'indie soul', 'new french touch', 'vapor twitch']"
107,Teflon Sega,https://open.spotify.com/artist/0JFKmdLuTj0yZi9P05a85X,0JFKmdLuTj0yZi9P05a85X,50,40441,['trap soul']
108,Marco McKinnis,https://open.spotify.com/artist/2hnEiOVSXzO81ruLVH0KUR,2hnEiOVSXzO81ruLVH0KUR,48,40507,"['alternative r&b', 'chill r&b', 'indie r&b', 'trap soul']"
109,KAWALA,https://open.spotify.com/artist/58bHgbHOExsHSOGlf0uUkL,58bHgbHOExsHSOGlf0uUkL,54,40620,"['indie anthem-folk', 'uk pop']"
110,The Manor,https://open.spotify.com/artist/2ZeAzgQtLfcPmMap31S0dZ,2ZeAzgQtLfcPmMap31S0dZ,49,40995,"['grime', 'uk alternative hip hop', 'uk hip hop']"
111,Dylan Sinclair,https://open.spotify.com/artist/45RZn1pAEvQYqkRnvFaIJx,45RZn1pAEvQYqkRnvFaIJx,49,41321,"['alternative r&b', 'canadian contemporary r&b', 'chill r&b', 'indie r&b']"
112,Guordan Banks,https://open.spotify.com/artist/4lwPGsAG5qnfn1JOtESnYZ,4lwPGsAG5qnfn1JOtESnYZ,45,41605,[]
113,Lorine Chia,https://open.spotify.com/artist/6NnWCx7mer62qXytwEKZm9,6NnWCx7mer62qXytwEKZm9,49,41755,['alternative r&b']
114,John Splithoff,https://open.spotify.com/artist/7A2x4Urpc4VKF1pb7qnNqD,7A2x4Urpc4VKF1pb7qnNqD,52,41935,['nyc pop']
115,Blue Lab Beats,https://open.spotify.com/artist/4YLUMAgNyttwx4hUHgtBtR,4YLUMAgNyttwx4hUHgtBtR,50,41959,"['indie jazz', 'indie r&b', 'indie soul', 'neo r&b', 'uk contemporary jazz']"
116,Kalin White,https://open.spotify.com/artist/49ygis4xkYsXbHMGCD7ajq,49ygis4xkYsXbHMGCD7ajq,36,42554,"['pop r&b', 'trap soul']"
117,Kara Marni,https://open.spotify.com/artist/2lfOu2DjnvR4Xpolt3OPfv,2lfOu2DjnvR4Xpolt3OPfv,44,43274,"['alternative r&b', 'indie r&b', 'uk contemporary r&b']"
118,Woodie Smalls,https://open.spotify.com/artist/1ng2cH6hJIOSYxQMk6pEux,1ng2cH6hJIOSYxQMk6pEux,46,43675,"['belgian hip hop', 'underground hip hop']"
119,Poppy Ajudha,https://open.spotify.com/artist/6oPQiSj92N4mk5jXLtX1bl,6oPQiSj92N4mk5jXLtX1bl,53,44717,"['indie soul', 'uk contemporary r&b']"
120,Joesef,https://open.spotify.com/artist/28EyduqESEOVMO6vglvaUZ,28EyduqESEOVMO6vglvaUZ,59,44920,"['indie r&b', 'indie soul', 'uk alternative pop']"
121,Jade Novah,https://open.spotify.com/artist/7HvZ0wFF6TW2kxX8AVVY3K,7HvZ0wFF6TW2kxX8AVVY3K,37,45365,['pop r&b']
122,McClenney,https://open.spotify.com/artist/44drVL4jbdo6T6llD5cMgx,44drVL4jbdo6T6llD5cMgx,48,45535,"['alternative r&b', 'chill r&b', 'indie r&b', 'indie soul', 'neo r&b']"
123,alayna,https://open.spotify.com/artist/7JwNWaTv4y9WNJCihQFHpv,7JwNWaTv4y9WNJCihQFHpv,47,45726,"['alternative r&b', 'chill r&b', 'indie r&b']"
124,Powers Pleasant,https://open.spotify.com/artist/0fYw4bch7qTxBZLS3rSVMj,0fYw4bch7qTxBZLS3rSVMj,54,45962,['underground hip hop']
125,JGrrey,https://open.spotify.com/artist/66rDbD3tWR3M1uNuIaDAGx,66rDbD3tWR3M1uNuIaDAGx,48,47503,"['alternative r&b', 'indie r&b', 'indie soul', 'uk alternative hip hop', 'uk contemporary r&b']"
126,Tyra B,https://open.spotify.com/artist/1QBGmq3C66kPc3IsFuFHmR,1QBGmq3C66kPc3IsFuFHmR,29,47833,['hip pop']
127,Lady Wray,https://open.spotify.com/artist/1plioVQ0mcgAO7uhvWkJJy,1plioVQ0mcgAO7uhvWkJJy,55,48309,"['funk', 'indie soul', 'neo soul', 'soul']"
128,Lava La Rue,https://open.spotify.com/artist/271bbpX3pdCi56ZJA1jQ43,271bbpX3pdCi56ZJA1jQ43,48,48612,"['alternative r&b', 'indie r&b', 'indie soul', 'uk alternative hip hop', 'uk contemporary r&b']"
129,Rendezvous At Two,https://open.spotify.com/artist/2EcDZA7LVlXzUhOqYzhNGK,2EcDZA7LVlXzUhOqYzhNGK,48,48722,['bedroom soul']
130,Kweku Collins,https://open.spotify.com/artist/2SPt3i9sJKS1qiMQQQr9LS,2SPt3i9sJKS1qiMQQQr9LS,42,48898,['underground hip hop']
131,Iman Omari,https://open.spotify.com/artist/1ySUvbTVNE9pyhdzcDxjg4,1ySUvbTVNE9pyhdzcDxjg4,55,49310,"['alternative r&b', 'indie r&b', 'indie soul']"
132,JONES,https://open.spotify.com/artist/6Mn5HNY6bJSqK31cRa0uiv,6Mn5HNY6bJSqK31cRa0uiv,50,49766,"['alternative r&b', 'uk contemporary r&b']"
133,Khary,https://open.spotify.com/artist/4489Zgs4RNq2ZtSh3UnOxZ,4489Zgs4RNq2ZtSh3UnOxZ,50,49996,"['indie hip hop', 'lo-fi rap', 'rhode island rap']"
134,Etta Bond,https://open.spotify.com/artist/0zanHkxN0P38oWegA8iSQA,0zanHkxN0P38oWegA8iSQA,49,51075,"['alternative r&b', 'chill r&b', 'indie r&b', 'indie soul', 'uk contemporary r&b']"
135,Mondo Gascaro,https://open.spotify.com/artist/6x92tfaXHuPBctPxrfTeMY,6x92tfaXHuPBctPxrfTeMY,41,51132,"['indonesian folk', 'indonesian indie', 'indonesian jazz', 'indonesian singer-songwriter']"
136,Maurice Moore,https://open.spotify.com/artist/2r3A0lVppaYaTz2ttY1Jws,2r3A0lVppaYaTz2ttY1Jws,44,52053,"['canadian contemporary r&b', 'chill r&b', 'pop r&b', 'trap soul']"
137,Jake Isaac,https://open.spotify.com/artist/6q94KewnCnut4Ta36dCoaB,6q94KewnCnut4Ta36dCoaB,55,52834,"['folk-pop', 'indie anthem-folk']"
138,Busty and the Bass,https://open.spotify.com/artist/4XMc1qHObZ7aXQrH5MmbjK,4XMc1qHObZ7aXQrH5MmbjK,52,53741,"['modern funk', 'retro soul']"
139,Towkio,https://open.spotify.com/artist/23sYU61n9f1CzYi8NJhAXS,23sYU61n9f1CzYi8NJhAXS,54,54005,['chicago rap']
140,AKTHESAVIOR,https://open.spotify.com/artist/1RlBttuJAY33jcaL1TOlUw,1RlBttuJAY33jcaL1TOlUw,49,54033,['underground hip hop']
141,Mr Jukes,https://open.spotify.com/artist/1y71H4hNtnHG7LeU1Y47FO,1y71H4hNtnHG7LeU1Y47FO,49,54289,"['british soul', 'indie soul']"
142,Jarreau Vandal,https://open.spotify.com/artist/6f96znq79wvlknKHHHhtTW,6f96znq79wvlknKHHHhtTW,53,54646,"['alternative r&b', 'dutch r&b', 'indie r&b', 'indie soul']"
143,Biskwiq,https://open.spotify.com/artist/7J4Pg0NGyrWoMrROYhnlP6,7J4Pg0NGyrWoMrROYhnlP6,59,54660,['lo-fi rap']
144,Michael Christmas,https://open.spotify.com/artist/1POk07q5vJ4NcdOgkLyPzp,1POk07q5vJ4NcdOgkLyPzp,42,54923,"['boston hip hop', 'indie hip hop', 'underground hip hop']"
145,Elujay,https://open.spotify.com/artist/1CgbNAF3Stnz1Tpipu3xdO,1CgbNAF3Stnz1Tpipu3xdO,50,55271,"['alternative r&b', 'cali rap', 'chill r&b', 'indie hip hop', 'indie r&b', 'indie soul', 'trap soul', 'underground hip hop']"
146,Frankie Stew and Harvey Gunn,https://open.spotify.com/artist/1jVvXqdwDHekLwFBamrcUx,1jVvXqdwDHekLwFBamrcUx,58,55492,"['indie soul', 'uk alternative hip hop']"
147,KWAYE,https://open.spotify.com/artist/5dIssYf7lu8wufkQywN9WJ,5dIssYf7lu8wufkQywN9WJ,42,56266,['uk contemporary r&b']
148,Pivot Gang,https://open.spotify.com/artist/0kDgxQlVYVecF6MCNWJTYE,0kDgxQlVYVecF6MCNWJTYE,42,56281,"['indie hip hop', 'underground hip hop']"
149,Aaron Taylor,https://open.spotify.com/artist/1evO4fwLsEkkPGq32dCix7,1evO4fwLsEkkPGq32dCix7,57,56616,"['alternative r&b', 'indie r&b', 'indie soul', 'soul', 'uk contemporary r&b']"
150,Nbdy,https://open.spotify.com/artist/1fQWUHoSWhlrc9rmHi2xnE,1fQWUHoSWhlrc9rmHi2xnE,50,56970,"['alternative r&b', 'chill r&b', 'indie r&b', 'pop r&b', 'trap soul']"
151,Topaz Jones,https://open.spotify.com/artist/76bAuLD5jMIT1YDJ84KB8l,76bAuLD5jMIT1YDJ84KB8l,50,57763,"['alternative r&b', 'indie hip hop', 'indie r&b', 'new jersey rap']"
152,Cheri Dennis,https://open.spotify.com/artist/15U1prrFKwSBJamlMNuVW5,15U1prrFKwSBJamlMNuVW5,36,58225,"['hip pop', 'r&b', 'urban contemporary']"
153,Marlon Craft,https://open.spotify.com/artist/7MigDh04CCntQbsBvugEmb,7MigDh04CCntQbsBvugEmb,55,58492,"['nyc rap', 'underground hip hop']"
154,Anfa Rose,https://open.spotify.com/artist/6QyD04sHvKf1AjxkXrNRk1,6QyD04sHvKf1AjxkXrNRk1,50,58762,"['trap soul', 'underground hip hop']"
155,ENNY,https://open.spotify.com/artist/3qEnCAnX23lvoxZYtBiPgL,3qEnCAnX23lvoxZYtBiPgL,55,59443,['indie r&b']
156,IshDARR,https://open.spotify.com/artist/1MlV4b7HGi4AiZWXholyVu,1MlV4b7HGi4AiZWXholyVu,46,59706,"['deep underground hip hop', 'milwaukee hip hop', 'underground hip hop']"
157,Ivy Sole,https://open.spotify.com/artist/4NcMrSi3B8eUVy6e1Ni3wu,4NcMrSi3B8eUVy6e1Ni3wu,45,60127,"['alternative r&b', 'escape room', 'indie soul', 'north carolina hip hop']"
158,Telex Telexs,https://open.spotify.com/artist/1BHYRsFqV0ON7RUFM9qF2Q,1BHYRsFqV0ON7RUFM9qF2Q,40,60295,"['thai indie pop', 'thai pop']"
159,Jaz Karis,https://open.spotify.com/artist/4rDcfb3TEWyx0BKdzKG24I,4rDcfb3TEWyx0BKdzKG24I,52,60836,"['alternative r&b', 'chill r&b', 'indie r&b', 'indie soul', 'uk contemporary r&b']"
160,Yazmin Lacey,https://open.spotify.com/artist/2datC2OML2YxykP6vnDRmg,2datC2OML2YxykP6vnDRmg,48,60968,"['indie jazz', 'indie r&b', 'indie soul', 'jazz pop']"
161,PLAZA,https://open.spotify.com/artist/50Fwc6LYQ2aYsWVN10hhTY,50Fwc6LYQ2aYsWVN10hhTY,57,62134,"['canadian contemporary r&b', 'trap soul']"
162,Boldy James,https://open.spotify.com/artist/4fpwOzxFRMVGfd197dKIdY,4fpwOzxFRMVGfd197dKIdY,58,62216,"['alternative hip hop', 'boom bap', 'escape room', 'hip hop', 'rap', 'underground hip hop']"
163,Sol,https://open.spotify.com/artist/5mYS4mPFCpxvQwGU8rT43a,5mYS4mPFCpxvQwGU8rT43a,47,62941,"['indie pop rap', 'pop rap', 'seattle hip hop']"
164,Deante' Hitchcock,https://open.spotify.com/artist/5REHfa3YDopGOzrxwTsPvH,5REHfa3YDopGOzrxwTsPvH,52,64781,"['alternative r&b', 'atl hip hop', 'pop rap', 'underground hip hop']"
165,Louis Futon,https://open.spotify.com/artist/79ffq2PHS5TDmgnHhAyudW,79ffq2PHS5TDmgnHhAyudW,51,64866,"['electropop', 'future bass', 'indie poptimism', 'vapor soul', 'vapor twitch']"
166,Thirdstory,https://open.spotify.com/artist/7GJbWH8vhhuW22707B8HsW,7GJbWH8vhhuW22707B8HsW,49,65448,['nyc pop']
167,Jucee Froot,https://open.spotify.com/artist/7BtDOCA9U1krM87JITg6bF,7BtDOCA9U1krM87JITg6bF,52,65590,['trap queen']
168,Rocky Badd,https://open.spotify.com/artist/1SwYzkVWDvzFbLblUN4snA,1SwYzkVWDvzFbLblUN4snA,31,66383,"['detroit trap', 'trap queen']"
169,Kevin Ross,https://open.spotify.com/artist/5ae3MM8dgOn3QPHzqFDJlY,5ae3MM8dgOn3QPHzqFDJlY,52,66420,"['alternative r&b', 'indie r&b', 'neo soul', 'pop r&b', 'r&b']"
170,Shay Lia,https://open.spotify.com/artist/3sJQwG0SsGRyv5C5kh4o9a,3sJQwG0SsGRyv5C5kh4o9a,56,66715,"['alternative r&b', 'canadian contemporary r&b', 'canadian pop', 'chill r&b', 'indie r&b', 'indie soul', 'montreal indie']"
171,Hojean,https://open.spotify.com/artist/0ENnerFBtqPaVUcHadXU2w,0ENnerFBtqPaVUcHadXU2w,57,67198,['chill r&b']
172,Kenny Mason,https://open.spotify.com/artist/4mwdnO2jZrMmMVrjcHsZBv,4mwdnO2jZrMmMVrjcHsZBv,57,67605,"['atl hip hop', 'indie hip hop', 'underground hip hop']"
173,Two Another,https://open.spotify.com/artist/35RvGPQ1OxbEZknWyiaAcs,35RvGPQ1OxbEZknWyiaAcs,60,67923,"['indie soul', 'vapor soul']"
174,Eryn Allen Kane,https://open.spotify.com/artist/5xI4mPixKfrCCspATqbpy3,5xI4mPixKfrCCspATqbpy3,52,68151,"['alternative r&b', 'indie soul']"
175,King Los,https://open.spotify.com/artist/29M3C4IzWXrztUr4cV2umC,29M3C4IzWXrztUr4cV2umC,45,69135,['battle rap']
176,Madison Ryann Ward,https://open.spotify.com/artist/6eAUAR4N9NOpirukqdIzVI,6eAUAR4N9NOpirukqdIzVI,56,69447,['alternative r&b']
177,Rayana Jay,https://open.spotify.com/artist/1kh0AypxF3CxMMzmQyif2S,1kh0AypxF3CxMMzmQyif2S,46,69741,"['alternative r&b', 'chill r&b', 'indie r&b', 'indie soul']"
178,Kojey Radical,https://open.spotify.com/artist/1HMhQzj2QXxR40zGDdaK6y,1HMhQzj2QXxR40zGDdaK6y,58,69831,"['indie soul', 'uk alternative hip hop']"
179,Dave B.,https://open.spotify.com/artist/5bfqwcEcRrMhtY9smw3IeJ,5bfqwcEcRrMhtY9smw3IeJ,51,69964,"['alternative r&b', 'seattle hip hop', 'underground hip hop']"
180,Jordan Mackampa,https://open.spotify.com/artist/24WPEGLYPvEsmk4GSDFyST,24WPEGLYPvEsmk4GSDFyST,57,70018,"['indie anthem-folk', 'indie soul']"
181,JAHKOY,https://open.spotify.com/artist/1c5SlzViAqsaB0kXygfSjh,1c5SlzViAqsaB0kXygfSjh,42,70995,"['canadian contemporary r&b', 'trap soul']"
182,((( O ))),https://open.spotify.com/artist/5rBFU1rhgs1nNghopuj9k8,5rBFU1rhgs1nNghopuj9k8,63,71095,"['experimental hip hop', 'indie r&b', 'indie soul']"
183,Joe Hertz,https://open.spotify.com/artist/76QHVIjgqlkWB9LNGliman,76QHVIjgqlkWB9LNGliman,54,71549,"['alternative r&b', 'indie r&b', 'indie soul', 'new french touch', 'uk contemporary r&b']"
184,Chinese Kitty,https://open.spotify.com/artist/6x3iaJYt5zLqKIfkrPQme9,6x3iaJYt5zLqKIfkrPQme9,47,71635,"['pop r&b', 'trap queen']"
185,TeaMarrr,https://open.spotify.com/artist/1cWyN6TA0n4j9JtqI0sOpt,1cWyN6TA0n4j9JtqI0sOpt,48,71712,"['alternative r&b', 'boston hip hop', 'chill r&b', 'escape room']"
186,Vory,https://open.spotify.com/artist/0GeeIVcvGA8GSlWsoY1dkG,0GeeIVcvGA8GSlWsoY1dkG,62,71832,"['kentucky hip hop', 'pop rap', 'trap soul']"
187,Phonte,https://open.spotify.com/artist/5SyCTZ8X8YQCI0J1VRp4iC,5SyCTZ8X8YQCI0J1VRp4iC,52,72118,"['alternative hip hop', 'hip hop', 'neo r&b', 'neo soul', 'north carolina hip hop']"
188,Always Never,https://open.spotify.com/artist/0iiDqBBNToKJG4YoyESrBf,0iiDqBBNToKJG4YoyESrBf,56,72578,"['canadian contemporary r&b', 'trap soul']"
189,Sylvan LaCue,https://open.spotify.com/artist/0JuDxOwz1e3Wx05t8e3AT3,0JuDxOwz1e3Wx05t8e3AT3,45,72620,"['indie hip hop', 'miami hip hop', 'underground hip hop']"
190,Nyck Caution,https://open.spotify.com/artist/1ZyUXvaBXUsIZ3JD6jYGkt,1ZyUXvaBXUsIZ3JD6jYGkt,56,73210,['underground hip hop']
191,Sir Michael Rocks,https://open.spotify.com/artist/2F3zBRfrDfm2FyNT0YKyAx,2F3zBRfrDfm2FyNT0YKyAx,54,73280,['underground hip hop']
192,Reo Cragun,https://open.spotify.com/artist/08v1r0jqDyvSo2LtSqHxcy,08v1r0jqDyvSo2LtSqHxcy,56,73545,"['canadian hip hop', 'trap soul', 'underground hip hop']"
193,Alextbh,https://open.spotify.com/artist/0kXDB5aeESWj5BD9TCLkMu,0kXDB5aeESWj5BD9TCLkMu,48,74212,['chill r&b']
194,Matt Martians,https://open.spotify.com/artist/7ycsWk9ae4pTAlWH8j6Hf9,7ycsWk9ae4pTAlWH8j6Hf9,43,75375,"['alternative r&b', 'indie r&b', 'indie soul']"
195,K. Forest,https://open.spotify.com/artist/1uaS3ZokV40ZrpzSRhx4Ol,1uaS3ZokV40ZrpzSRhx4Ol,40,75411,"['canadian contemporary r&b', 'canadian hip hop', 'pop r&b', 'trap soul']"
196,CJ Fly,https://open.spotify.com/artist/41yEdWozNYEzA2RfgYQHgr,41yEdWozNYEzA2RfgYQHgr,54,76072,['underground hip hop']
197,Rationale,https://open.spotify.com/artist/2IQDM5URYGYfSMmwhTCmyy,2IQDM5URYGYfSMmwhTCmyy,57,76157,['uk contemporary r&b']
198,Dave Barnes,https://open.spotify.com/artist/7hbH1qupmU6HxVBjWJItlq,7hbH1qupmU6HxVBjWJItlq,51,77376,"['acoustic pop', 'indiecoustica', 'neo mellow']"
199,James Vickery,https://open.spotify.com/artist/68tR0TsEKX89ID4fyBMgch,68tR0TsEKX89ID4fyBMgch,55,77523,"['alternative r&b', 'chill r&b', 'indie r&b', 'indie soul', 'uk contemporary r&b']"
200,NEIL FRANCES,https://open.spotify.com/artist/587PA35pRGL1JwQr6idJbb,587PA35pRGL1JwQr6idJbb,63,78479,['indie soul']
201,Kraak & Smaak,https://open.spotify.com/artist/7c5qu1gNlg8jWDzzmlp89O,7c5qu1gNlg8jWDzzmlp89O,56,80997,"['bboy', 'deep house', 'electronica', 'indie soul', 'new french touch', 'nu disco', 'nu jazz']"
202,Alex Isley,https://open.spotify.com/artist/7E2ioKxoxI2J94tUkIx6As,7E2ioKxoxI2J94tUkIx6As,61,81478,"['alternative r&b', 'chill r&b', 'indie r&b', 'indie soul', 'neo soul', 'pop r&b', 'r&b']"
203,Chuuwee,https://open.spotify.com/artist/6ZBnvCszokLW4YHZ50uHY8,6ZBnvCszokLW4YHZ50uHY8,54,81962,"['canadian hip hop', 'deep underground hip hop', 'indie hip hop', 'sacramento hip hop', 'underground hip hop']"
204,Moon Boots,https://open.spotify.com/artist/3cIXmCH7iNcslTbwrwS7zy,3cIXmCH7iNcslTbwrwS7zy,52,83860,"['deep house', 'edm', 'house', 'indie soul', 'nu disco']"
205,Alex Wiley,https://open.spotify.com/artist/0JdGPxHeRGfOyZg3EHwp2g,0JdGPxHeRGfOyZg3EHwp2g,47,84155,"['chicago rap', 'deep underground hip hop', 'underground hip hop']"
206,Tora,https://open.spotify.com/artist/7KGI0OwY8iAL5rI5p47YyK,7KGI0OwY8iAL5rI5p47YyK,59,84566,"['alternative r&b', 'indie soul', 'vapor soul']"
207,Cal Scruby,https://open.spotify.com/artist/2wcrc3fjebDRLVdtRUa3pu,2wcrc3fjebDRLVdtRUa3pu,60,86106,"['canadian hip hop', 'deep underground hip hop', 'indie pop rap', 'ohio hip hop', 'pop rap', 'underground hip hop']"
208,Tiara Thomas,https://open.spotify.com/artist/69FykkhiqpzqeSNYRxc8BI,69FykkhiqpzqeSNYRxc8BI,43,86343,"['alternative r&b', 'pop r&b']"
209,Kaiit,https://open.spotify.com/artist/1lEiFY8tYuckyd67eGiaF1,1lEiFY8tYuckyd67eGiaF1,46,86753,"['alternative r&b', 'australian r&b']"
210,Jean Deaux,https://open.spotify.com/artist/4JqpJeNOhP6bAkolNMLwFg,4JqpJeNOhP6bAkolNMLwFg,62,87821,"['alternative r&b', 'chill r&b', 'escape room', 'indie r&b', 'indie soul']"
211,Ady Suleiman,https://open.spotify.com/artist/5LuLeXlnT2jFxbx7Cg7j88,5LuLeXlnT2jFxbx7Cg7j88,53,87906,"['indie soul', 'uk contemporary r&b']"
212,Pell,https://open.spotify.com/artist/2O2dI9lY9PnWtAa4OlrgMi,2O2dI9lY9PnWtAa4OlrgMi,57,88121,"['pop rap', 'underground hip hop']"
213,RIMON,https://open.spotify.com/artist/4DtUsfaVQBhypuwYmobdSm,4DtUsfaVQBhypuwYmobdSm,50,88465,"['alternative r&b', 'chill r&b', 'dutch r&b', 'indie r&b', 'indie soul']"
214,Tayla Parx,https://open.spotify.com/artist/1LzWWI9v4UKdbBgz8fqi15,1LzWWI9v4UKdbBgz8fqi15,48,88703,['alternative r&b']
215,Erick the Architect,https://open.spotify.com/artist/2mQLwfvZtvtTbipKn3xHmK,2mQLwfvZtvtTbipKn3xHmK,62,88712,['underground hip hop']
216,Childish Major,https://open.spotify.com/artist/4bMNzAopkqYTwkBLwMKsF1,4bMNzAopkqYTwkBLwMKsF1,55,90535,"['alternative r&b', 'canadian hip hop', 'indie r&b', 'pop rap', 'trap soul', 'underground hip hop']"
217,Teddy Adhitya,https://open.spotify.com/artist/7dOswEYzOtTMECumrZ3NHY,7dOswEYzOtTMECumrZ3NHY,54,91999,"['indonesian indie', 'indonesian jazz', 'indonesian pop', 'indonesian singer-songwriter']"
218,Chynna,https://open.spotify.com/artist/41TSOINjztNAFtwuGenWVA,41TSOINjztNAFtwuGenWVA,47,92043,"['electra', 'escape room', 'trap queen']"
219,Brasstracks,https://open.spotify.com/artist/5sKvgmG84C0bIMWeS2SRPr,5sKvgmG84C0bIMWeS2SRPr,59,93521,"['alternative r&b', 'indie soul', 'nyc pop']"
220,Ramriddlz,https://open.spotify.com/artist/3fHjwMnkM9ov8CozqkYxWY,3fHjwMnkM9ov8CozqkYxWY,45,95079,"['canadian contemporary r&b', 'canadian hip hop', 'rap calme', 'trap soul']"
221,Guapdad 4000,https://open.spotify.com/artist/0NcPKaSNIHAM2RfioH9vMT,0NcPKaSNIHAM2RfioH9vMT,64,95887,"['cali rap', 'oakland hip hop', 'pop rap', 'scam rap', 'trap soul', 'underground hip hop', 'vapor trap']"
222,Caleborate,https://open.spotify.com/artist/7bpDJUH5hnffIYHID6h3Et,7bpDJUH5hnffIYHID6h3Et,51,95990,"['bay area indie', 'cali rap', 'indie hip hop', 'underground hip hop']"
223,Hope Tala,https://open.spotify.com/artist/74CcYmmNeHKe5PrZaISk8e,74CcYmmNeHKe5PrZaISk8e,60,96631,"['alternative r&b', 'chill r&b', 'indie r&b', 'indie soul']"
224,Abhi The Nomad,https://open.spotify.com/artist/1gUi2utSbJLNPddYENJAp4,1gUi2utSbJLNPddYENJAp4,59,98098,"['desi hip hop', 'lo-fi rap', 'pop rap', 'vapor soul']"
225,Terrace Martin,https://open.spotify.com/artist/7MNEVabc4cs19CbzAFZmXz,7MNEVabc4cs19CbzAFZmXz,65,99157,"['alternative r&b', 'indie soul', 'neo soul']"
226,Jalen Santoy,https://open.spotify.com/artist/41DGOfz7IFMVvf9wKAzeZS,41DGOfz7IFMVvf9wKAzeZS,57,99940,"['north carolina hip hop', 'underground hip hop']"
227,Joyce Wrice,https://open.spotify.com/artist/24Cf1irKt7kcewb9OOkPum,24Cf1irKt7kcewb9OOkPum,54,100356,"['alternative r&b', 'chill r&b', 'indie r&b', 'indie soul', 'r&b']"
228,monte booker,https://open.spotify.com/artist/4p75GTNEXwsAAkpweMVtKo,4p75GTNEXwsAAkpweMVtKo,54,100755,"['underground hip hop', 'viral rap']"
229,Luke Chiang,https://open.spotify.com/artist/1dPSMH55yhvjYIwqCP4iDj,1dPSMH55yhvjYIwqCP4iDj,63,101772,"['chill r&b', 'pop']"
230,RKCB,https://open.spotify.com/artist/4QDvXnbmw1znkqkK1119Fc,4QDvXnbmw1znkqkK1119Fc,58,103133,"['electropop', 'indie electropop', 'indie poptimism', 'indie soul', 'vapor soul', 'vapor twitch']"
231,Tone Stith,https://open.spotify.com/artist/756t7CBmWLNYsshVtS6P44,756t7CBmWLNYsshVtS6P44,61,103966,"['alternative r&b', 'chill r&b', 'indie r&b', 'pop', 'pop r&b', 'r&b', 'trap soul']"
232,Eli Sostre,https://open.spotify.com/artist/1ZilzPhvZhYUCSGczNRlyt,1ZilzPhvZhYUCSGczNRlyt,51,104122,"['trap soul', 'underground hip hop']"
233,Orion Sun,https://open.spotify.com/artist/2efrqekWSHlvhATD50AG3m,2efrqekWSHlvhATD50AG3m,58,104209,"['alternative r&b', 'bedroom pop', 'chill r&b', 'indie pop', 'indie r&b', 'indie soul']"
234,ELIZA,https://open.spotify.com/artist/0PgYKqH7ohfAm9LFgWjpl8,0PgYKqH7ohfAm9LFgWjpl8,49,104580,"['alternative r&b', 'indie soul', 'uk contemporary r&b']"
235,Aftertheparty,https://open.spotify.com/artist/4xXlwzlQAvjV07mmGvlT0T,4xXlwzlQAvjV07mmGvlT0T,52,107618,"['trap soul', 'vapor trap']"
236,Rexx Life Raj,https://open.spotify.com/artist/5rDXcEIODl8TgGTgrntnjX,5rDXcEIODl8TgGTgrntnjX,62,107890,"['alternative r&b', 'cali rap', 'pop rap', 'trap soul', 'underground hip hop']"
237,Zack Villere,https://open.spotify.com/artist/5jLbQGcvxehi2Z6qkUP9Rh,5jLbQGcvxehi2Z6qkUP9Rh,45,108260,['bedroom pop']
238,R.LUM.R,https://open.spotify.com/artist/7JBZN2pehWRUu3fX11lP2y,7JBZN2pehWRUu3fX11lP2y,43,110370,['alternative r&b']
239,Taylor Bennett,https://open.spotify.com/artist/6CqjoQyGZlnhnq5gAUz92c,6CqjoQyGZlnhnq5gAUz92c,51,112733,"['chicago rap', 'drill', 'lgbtq+ hip hop', 'pop rap']"
240,Harrison Storm,https://open.spotify.com/artist/5Ld19xtpAR80G2boTcHaVx,5Ld19xtpAR80G2boTcHaVx,59,113454,"['indie anthem-folk', 'indie folk']"
241,Joey Purp,https://open.spotify.com/artist/1ewyVtTZBqFYWIcepopRhp,1ewyVtTZBqFYWIcepopRhp,58,114320,"['chicago rap', 'indie hip hop', 'underground hip hop']"
242,Che Ecru,https://open.spotify.com/artist/45AMD9qU0ERQY5RvR7deHR,45AMD9qU0ERQY5RvR7deHR,54,115753,"['alternative r&b', 'canadian hip hop', 'chill r&b', 'indie r&b', 'pop r&b', 'r&b', 'trap soul']"
243,Col3trane,https://open.spotify.com/artist/4hTL3jOgvZwOqegEZTOrCc,4hTL3jOgvZwOqegEZTOrCc,59,116768,"['alternative r&b', 'chill r&b', 'indie r&b', 'indie soul', 'r&b', 'trap soul', 'uk contemporary r&b']"
244,Healy,https://open.spotify.com/artist/2Yhge9MsE7qKcV0eWsuuHM,2Yhge9MsE7qKcV0eWsuuHM,59,118528,"['alternative r&b', 'chill r&b', 'memphis hip hop']"
245,Sebastian Mikael,https://open.spotify.com/artist/4hknFHNFp3UMm2Rbc6Ansf,4hknFHNFp3UMm2Rbc6Ansf,45,118992,"['alternative r&b', 'indie r&b']"
246,anders,https://open.spotify.com/artist/6G1yTgvoYsuVb2Ja8cVVJ2,6G1yTgvoYsuVb2Ja8cVVJ2,57,119073,"['canadian contemporary r&b', 'canadian hip hop', 'pop r&b', 'r&b', 'toronto rap', 'trap soul']"
247,Jay Prince,https://open.spotify.com/artist/2TLYSzGyVYkxAgYSCqUnQj,2TLYSzGyVYkxAgYSCqUnQj,55,121686,"['alternative r&b', 'indie r&b', 'indie soul', 'uk alternative hip hop', 'underground hip hop']"
248,Kevin Garrett,https://open.spotify.com/artist/56tbeL5xhBPxby544GuK3E,56tbeL5xhBPxby544GuK3E,57,123952,"['alternative r&b', 'nyc pop', 'pittsburgh indie']"
249,VanJess,https://open.spotify.com/artist/0Ek89uaJyo6NfWK22awFvI,0Ek89uaJyo6NfWK22awFvI,61,127945,"['alternative r&b', 'chill r&b', 'indie r&b', 'indie soul', 'pop r&b', 'r&b']"
250,TYuS,https://open.spotify.com/artist/5J7URjIP8aFmeSn2QwF9Au,5J7URjIP8aFmeSn2QwF9Au,44,128135,"['alternative r&b', 'pop r&b', 'trap soul']"
251,Pip Millett,https://open.spotify.com/artist/1QfEfvB62EEl4upf2ANKkR,1QfEfvB62EEl4upf2ANKkR,59,128566,"['alternative r&b', 'chill r&b', 'indie r&b', 'indie soul', 'uk contemporary r&b']"
252,Travis Thompson,https://open.spotify.com/artist/6WZfEqqsYujHTUDuNd5Lbc,6WZfEqqsYujHTUDuNd5Lbc,55,129394,['seattle hip hop']
253,Jeremy Passion,https://open.spotify.com/artist/5Z8UTQtTYNu5o5FA66LFgv,5Z8UTQtTYNu5o5FA66LFgv,60,130767,"['chill r&b', 'pop', 'pop soul']"
254,Kirk Knight,https://open.spotify.com/artist/1nSpOxq3pcgomrfpXudQuq,1nSpOxq3pcgomrfpXudQuq,56,131533,['underground hip hop']
255,Felly,https://open.spotify.com/artist/2848adRcxvgWNRcz1g1tQD,2848adRcxvgWNRcz1g1tQD,62,131689,"['pop rap', 'underground hip hop']"
256,SAFE,https://open.spotify.com/artist/3bnpcWBcvlfq4hPFJjNPbz,3bnpcWBcvlfq4hPFJjNPbz,53,132983,"['canadian hip hop', 'trap soul']"
257,Ryan Trey,https://open.spotify.com/artist/5YHM0i7v5TqqibZhS0YiuX,5YHM0i7v5TqqibZhS0YiuX,59,133633,"['alternative r&b', 'chill r&b', 'r&b', 'trap soul']"
258,Lawrence,https://open.spotify.com/artist/5rwUYLyUq8gBsVaOUcUxpE,5rwUYLyUq8gBsVaOUcUxpE,60,134450,"['nyc pop', 'retro soul']"
259,Zak Abel,https://open.spotify.com/artist/6Gk5hoM7eW8NSCYhICMDHw,6Gk5hoM7eW8NSCYhICMDHw,67,135368,['uk contemporary r&b']
260,Lute,https://open.spotify.com/artist/75WcpJKWXBV3o3cfluWapK,75WcpJKWXBV3o3cfluWapK,64,136812,"['hip hop', 'indie hip hop', 'north carolina hip hop', 'underground hip hop']"
261,Luke James,https://open.spotify.com/artist/4E7AV8mtElSjHZP3xA9kyU,4E7AV8mtElSjHZP3xA9kyU,48,137287,"['alternative r&b', 'pop r&b', 'r&b']"
262,Leven Kali,https://open.spotify.com/artist/5YZ5AExR68U3ZblH6HcO6B,5YZ5AExR68U3ZblH6HcO6B,60,137823,"['alternative r&b', 'chill r&b', 'indie r&b', 'indie soul', 'r&b']"
263,RAY BLK,https://open.spotify.com/artist/0CkbPVBpOwwz9NPPglFKyq,0CkbPVBpOwwz9NPPglFKyq,56,137876,"['alternative r&b', 'electra', 'uk contemporary r&b']"
264,REASON,https://open.spotify.com/artist/6XpXnnKHIhCOUbOLOJGe6o,6XpXnnKHIhCOUbOLOJGe6o,60,138938,"['hip hop', 'indie hip hop', 'rap', 'underground hip hop']"
265,92914,https://open.spotify.com/artist/0Zoe6ljAJo85rggnN6OaOF,0Zoe6ljAJo85rggnN6OaOF,54,139547,"['chill pop', 'chill r&b', 'korean indie folk']"
266,Kandi,https://open.spotify.com/artist/0ThrQemMA2B8xxusTUl8IM,0ThrQemMA2B8xxusTUl8IM,44,141583,"['hip pop', 'r&b', 'urban contemporary']"
267,Devvon Terrell,https://open.spotify.com/artist/4WcJL1x8azi1Qkv4jc6fhH,4WcJL1x8azi1Qkv4jc6fhH,52,141760,['pop r&b']
268,Junglepussy,https://open.spotify.com/artist/6atGQM99IrRfUefJFore1B,6atGQM99IrRfUefJFore1B,49,144573,"['alternative r&b', 'escape room', 'trap queen']"
269,Puma Blue,https://open.spotify.com/artist/6lHO1eGthNnos9KP2BH0cG,6lHO1eGthNnos9KP2BH0cG,56,145918,"['bedroom pop', 'indie garage rock', 'uk contemporary r&b']"
270,Grace Carter,https://open.spotify.com/artist/2LuHL7im4aCEmfOlD4rxBC,2LuHL7im4aCEmfOlD4rxBC,60,147311,"['pop', 'uk contemporary r&b', 'uk pop']"
271,Kyle Dion,https://open.spotify.com/artist/5qfkUSH3ip5dD2eEPhjkT3,5qfkUSH3ip5dD2eEPhjkT3,54,150654,"['alternative r&b', 'chill r&b', 'indie r&b', 'indie soul', 'pop', 'r&b', 'trap soul']"
272,Cozz,https://open.spotify.com/artist/5oFkj1qSlyBUmV5d6Edgtq,5oFkj1qSlyBUmV5d6Edgtq,58,151671,['underground hip hop']
273,Asiahn,https://open.spotify.com/artist/1mKtlPrXjWK6oIdk9cSOjs,1mKtlPrXjWK6oIdk9cSOjs,51,151716,"['alternative r&b', 'chill r&b', 'indie r&b', 'pop r&b', 'r&b']"
274,bLAck pARty,https://open.spotify.com/artist/4C9Tvlt8v7d8R6h98FgdUy,4C9Tvlt8v7d8R6h98FgdUy,54,152822,"['alternative r&b', 'chill r&b', 'indie r&b', 'indie soul']"
275,Black Thought,https://open.spotify.com/artist/6DJEUXZm0e2rAohdoZ5Voo,6DJEUXZm0e2rAohdoZ5Voo,58,155801,"['alternative hip hop', 'boom bap', 'east coast hip hop', 'hip hop', 'southern hip hop']"
276,Stalley,https://open.spotify.com/artist/1wUmdemiR9Dxw8A2el365A,1wUmdemiR9Dxw8A2el365A,47,157004,"['alternative hip hop', 'ohio hip hop', 'soul flow', 'southern hip hop', 'underground hip hop']"
277,Jacob Latimore,https://open.spotify.com/artist/7t7KCNFOwuMChaQg6L8I69,7t7KCNFOwuMChaQg6L8I69,47,158109,"['chill r&b', 'pop r&b', 'r&b', 'trap soul']"
278,Knxwledge,https://open.spotify.com/artist/17Zu03OgBVxgLxWmRUyNOJ,17Zu03OgBVxgLxWmRUyNOJ,63,159495,"['abstract beats', 'alternative hip hop', 'alternative r&b', 'hip hop', 'indie soul', 'wonky']"
279,Choker,https://open.spotify.com/artist/5XQRfs0gXs30aWUn1Umves,5XQRfs0gXs30aWUn1Umves,54,162128,"['alternative r&b', 'indie r&b', 'indie soul']"
280,Adrian Marcel,https://open.spotify.com/artist/0tqGegfp4LA38TZ807OdzM,0tqGegfp4LA38TZ807OdzM,48,163683,['pop r&b']
281,Yo Trane,https://open.spotify.com/artist/4W49e48G0gg1pucAN6JiGH,4W49e48G0gg1pucAN6JiGH,53,164812,"['alternative r&b', 'chill r&b', 'pop r&b', 'r&b', 'trap soul']"
282,FRENSHIP,https://open.spotify.com/artist/7xEFii6utZmQ61kX59HmLH,7xEFii6utZmQ61kX59HmLH,59,164896,"['electropop', 'indie poptimism', 'la pop', 'pop edm', 'tropical house', 'vapor soul']"
283,Izzy Bizu,https://open.spotify.com/artist/6b5YOgXIliAozdo49vUCJQ,6b5YOgXIliAozdo49vUCJQ,57,165490,['british soul']
284,Sonta,https://open.spotify.com/artist/030FjQpP38xhjIPyWgjmiv,030FjQpP38xhjIPyWgjmiv,47,165798,['pop r&b']
285,PREP,https://open.spotify.com/artist/31SBgHxc8eqZUk9MdveH42,31SBgHxc8eqZUk9MdveH42,55,166998,"['alternative r&b', 'chill r&b']"
286,Spillage Village,https://open.spotify.com/artist/7izarc0fRIPbdZ8cVyChRf,7izarc0fRIPbdZ8cVyChRf,57,167581,"['hip hop', 'rap', 'underground hip hop']"
287,Mereba,https://open.spotify.com/artist/294lNTPZfdqyzt8qnxmFiL,294lNTPZfdqyzt8qnxmFiL,63,170193,"['alternative r&b', 'chill r&b', 'escape room', 'indie r&b', 'indie soul', 'r&b']"
288,Yeek,https://open.spotify.com/artist/5BhFZpE8kUGZJiKOsYjLQM,5BhFZpE8kUGZJiKOsYjLQM,60,172226,"['alternative r&b', 'indie r&b']"
289,Biig Piig,https://open.spotify.com/artist/4GoD5FJCgC0lbzde7ly44M,4GoD5FJCgC0lbzde7ly44M,64,172322,"['indie r&b', 'indie soul', 'modern alternative pop']"
290,Jamila Woods,https://open.spotify.com/artist/4UodukR17NIQfNu5uaqm9B,4UodukR17NIQfNu5uaqm9B,58,173388,"['afrofuturism', 'alternative r&b', 'escape room', 'indie soul']"
291,Free Nationals,https://open.spotify.com/artist/4596e2d3KmYzAeVenjCxfj,4596e2d3KmYzAeVenjCxfj,67,173471,"['alternative r&b', 'indie soul', 'r&b']"
292,Dondria,https://open.spotify.com/artist/4NgmPmKCSWm4kczsm6J3FO,4NgmPmKCSWm4kczsm6J3FO,39,173649,"['hip pop', 'pop r&b']"
293,Charlotte Day Wilson,https://open.spotify.com/artist/3GQboECxDT1xqPPWC30p7v,3GQboECxDT1xqPPWC30p7v,63,174000,"['alternative r&b', 'canadian contemporary r&b', 'indie r&b', 'indie soul', 'neo soul']"
294,Donnie Trumpet & The Social Experiment,https://open.spotify.com/artist/0ojcq9LJQWMawQdFDw3M0L,0ojcq9LJQWMawQdFDw3M0L,53,174415,['pop soul']
295,CyHi The Prynce,https://open.spotify.com/artist/18HVMQsV3tINaTyzT5UIjH,18HVMQsV3tINaTyzT5UIjH,54,174895,"['atl hip hop', 'southern hip hop']"
296,Finding Hope,https://open.spotify.com/artist/0QGDb8TBWIT06W4BoyAggg,0QGDb8TBWIT06W4BoyAggg,62,175504,['chill r&b']
297,ELHAE,https://open.spotify.com/artist/6TrQLQR8tUluPbmdPy6jqY,6TrQLQR8tUluPbmdPy6jqY,54,175755,"['alternative r&b', 'chill r&b', 'indie r&b', 'pop r&b', 'r&b', 'trap soul']"
298,Tokyo Jetz,https://open.spotify.com/artist/3KT0gxRAAb4WbAfOGMq4Lf,3KT0gxRAAb4WbAfOGMq4Lf,43,178999,"['pop r&b', 'trap queen']"
299,Ama Lou,https://open.spotify.com/artist/2tAqnHDAgnGtjnlzyoa38L,2tAqnHDAgnGtjnlzyoa38L,51,179027,"['alternative r&b', 'uk contemporary r&b']"
300,Greentea Peng,https://open.spotify.com/artist/5z9wLR0RGBcWMXr4fCZW0K,5z9wLR0RGBcWMXr4fCZW0K,61,180864,"['alternative r&b', 'indie r&b', 'indie soul', 'uk alternative hip hop', 'uk contemporary r&b']"
301,Arin Ray,https://open.spotify.com/artist/6TvjXbopXg71XRM9OZWqUc,6TvjXbopXg71XRM9OZWqUc,59,181508,"['alternative r&b', 'chill r&b', 'indie r&b', 'indie soul', 'pop r&b', 'r&b', 'trap soul']"
302,Raury,https://open.spotify.com/artist/2PU4qFehXQF7WnlFsJpBiJ,2PU4qFehXQF7WnlFsJpBiJ,57,182410,['psychedelic hip hop']
303,Berhana,https://open.spotify.com/artist/0WjtdWS6su0f3jrW9aqEHl,0WjtdWS6su0f3jrW9aqEHl,56,182713,"['alternative r&b', 'chill r&b', 'indie r&b', 'indie soul']"
304,Lyrica Anderson,https://open.spotify.com/artist/6yqadcG6z5djW3lDuP7Abh,6yqadcG6z5djW3lDuP7Abh,42,185706,"['hip pop', 'pop r&b', 'r&b', 'trap queen']"
305,Buddy,https://open.spotify.com/artist/6PDLwWvgYNMfBRLqC1h5cJ,6PDLwWvgYNMfBRLqC1h5cJ,66,186756,"['alternative r&b', 'cali rap', 'underground hip hop']"
306,24hrs,https://open.spotify.com/artist/4isewEHTP7Az2QheDdBQ6J,4isewEHTP7Az2QheDdBQ6J,62,186860,"['trap', 'trap soul', 'underground hip hop', 'vapor trap']"
307,ODIE,https://open.spotify.com/artist/5aMIbwZQvP2MHPMVC5zCGj,5aMIbwZQvP2MHPMVC5zCGj,66,186894,"['alternative r&b', 'canadian contemporary r&b', 'chill r&b', 'indie r&b', 'r&b']"
308,slchld,https://open.spotify.com/artist/33crDRqANd3NQHJagZkQ7O,33crDRqANd3NQHJagZkQ7O,64,187330,"['alternative r&b', 'canadian contemporary r&b', 'chill r&b', 'pop']"
309,Tynisha Keli,https://open.spotify.com/artist/4woYaobeWQFBSGf9mtoAZ8,4woYaobeWQFBSGf9mtoAZ8,38,189156,"['hip pop', 'pop r&b', 'urban contemporary']"
310,Cautious Clay,https://open.spotify.com/artist/6iWuBN32BqCJAeXW6o3nil,6iWuBN32BqCJAeXW6o3nil,65,193988,"['alternative r&b', 'indie r&b', 'nyc pop']"
311,Lil' Mo,https://open.spotify.com/artist/5wBDD4FNJvob5fAGkAIQ92,5wBDD4FNJvob5fAGkAIQ92,55,195480,"['hip pop', 'r&b', 'urban contemporary']"
312,Raleigh Ritchie,https://open.spotify.com/artist/0IB0VjX9NSrGX6PjCXGVcq,0IB0VjX9NSrGX6PjCXGVcq,51,196779,['uk contemporary r&b']
313,Brooke Valentine,https://open.spotify.com/artist/0yqDXjskTQI1nj9bH6W9Ze,0yqDXjskTQI1nj9bH6W9Ze,34,196982,"['hip pop', 'r&b', 'urban contemporary']"
314,Emotional Oranges,https://open.spotify.com/artist/12trz2INGglrKMzLmg0y2C,12trz2INGglrKMzLmg0y2C,62,197478,"['alternative r&b', 'chill r&b', 'indie r&b']"
315,NxWorries,https://open.spotify.com/artist/6PEMFpe3PTOksdV4ZXUpbE,6PEMFpe3PTOksdV4ZXUpbE,56,200585,"['hip hop', 'indie soul', 'neo soul']"
316,Elijah Blake,https://open.spotify.com/artist/65OtBLtkrifQrdTlKI90IR,65OtBLtkrifQrdTlKI90IR,49,201045,"['alternative r&b', 'pop r&b', 'trap soul']"
317,Injury Reserve,https://open.spotify.com/artist/3nf2EaHj8HikLNdaiW3v73,3nf2EaHj8HikLNdaiW3v73,58,201268,"['alternative hip hop', 'conscious hip hop', 'escape room', 'hip hop', 'underground hip hop']"
318,Leikeli47,https://open.spotify.com/artist/0DtXHIvJ8NWBg5pGvsgWnR,0DtXHIvJ8NWBg5pGvsgWnR,55,202012,"['escape room', 'hip pop', 'trap queen']"
319,Rapsody,https://open.spotify.com/artist/6NL31G53xThQXkFs7lDpL5,6NL31G53xThQXkFs7lDpL5,57,202187,"['alternative hip hop', 'escape room', 'hip hop', 'north carolina hip hop', 'trap queen', 'underground hip hop']"
320,Cleo Sol,https://open.spotify.com/artist/3ETLPQkcEd7z4k3IbZmXMq,3ETLPQkcEd7z4k3IbZmXMq,63,207421,"['alternative r&b', 'chill r&b', 'indie r&b', 'indie soul', 'neo soul', 'uk contemporary r&b', 'uk funky']"
321,Samm Henshaw,https://open.spotify.com/artist/1Q2mS59tFYLm2KGFoCgWN4,1Q2mS59tFYLm2KGFoCgWN4,60,212748,"['alternative r&b', 'british soul', 'indie soul', 'uk contemporary r&b']"
322,LÃ¥psley,https://open.spotify.com/artist/27ze6hCgfr3HcDZAHY60pg,27ze6hCgfr3HcDZAHY60pg,55,213341,"['electropop', 'gauze pop', 'indie soul']"
323,11:11,https://open.spotify.com/artist/5gsyao2Qm21EKylbVIuRQ3,5gsyao2Qm21EKylbVIuRQ3,50,214949,"['alternative r&b', 'canadian contemporary r&b', 'chill r&b', 'indie r&b', 'pop r&b', 'r&b', 'trap soul']"
324,WESTSIDE BOOGIE,https://open.spotify.com/artist/5usbqiU7sjvszjWecANDL6,5usbqiU7sjvszjWecANDL6,60,215009,"['pop rap', 'underground hip hop']"
325,Yebba,https://open.spotify.com/artist/1ooV8YZC1KbpEcrmI8WH0F,1ooV8YZC1KbpEcrmI8WH0F,71,215154,"['alternative r&b', 'indie soul', 'pop soul']"
326,Bakar,https://open.spotify.com/artist/3K2Srho6NCF3o9MswGR76H,3K2Srho6NCF3o9MswGR76H,67,218060,['uk alternative hip hop']
327,Janine,https://open.spotify.com/artist/4k3yrCOPB5wp2ne8R9MQoM,4k3yrCOPB5wp2ne8R9MQoM,52,219070,"['alternative r&b', 'chill r&b', 'nz pop', 'pop r&b', 'r&b']"
328,Phony Ppl,https://open.spotify.com/artist/0oBsnAC3fzYkTHF3bkfNx6,0oBsnAC3fzYkTHF3bkfNx6,57,223583,"['alternative r&b', 'indie soul']"
329,Joy Crookes,https://open.spotify.com/artist/5XMyhVhi5ZN2pi0Qwi1zXS,5XMyhVhi5ZN2pi0Qwi1zXS,67,228379,"['alternative r&b', 'indie r&b', 'indie soul', 'uk contemporary r&b']"
330,Maverick Sabre,https://open.spotify.com/artist/0ukgrNYk51TkMQr0f2Br4Q,0ukgrNYk51TkMQr0f2Br4Q,67,228828,"['indie soul', 'irish hip hop']"
331,ABRA,https://open.spotify.com/artist/3ZJxEmjYZd5VOqZ8o3aXiL,3ZJxEmjYZd5VOqZ8o3aXiL,62,229534,"['alternative r&b', 'art pop', 'electropop', 'escape room']"
332,Ro James,https://open.spotify.com/artist/7r2oyrNc0YjSC7hZL87V0Y,7r2oyrNc0YjSC7hZL87V0Y,52,233698,"['alternative r&b', 'pop r&b', 'r&b']"
333,Sunset Rollercoaster,https://open.spotify.com/artist/7BqRcZsHYYQeqMAOp7e532,7BqRcZsHYYQeqMAOp7e532,60,247331,['taiwan indie']
334,Tiffany Evans,https://open.spotify.com/artist/3CoW2DhcuWKs93YEjEY5Eq,3CoW2DhcuWKs93YEjEY5Eq,39,254821,"['hip pop', 'pop r&b', 'r&b', 'urban contemporary']"
335,Domo Genesis,https://open.spotify.com/artist/6vHBuUxrcpn1do5UaEJ7g6,6vHBuUxrcpn1do5UaEJ7g6,60,259909,"['alternative hip hop', 'hip hop', 'rap', 'underground hip hop']"
336,Kelela,https://open.spotify.com/artist/1U0sIzpRtDkvu1hXXzxh60,1U0sIzpRtDkvu1hXXzxh60,52,260122,"['afrofuturism', 'alternative r&b', 'art pop', 'electropop', 'escape room', 'experimental r&b', 'indie soul', 'r&b']"
337,Amber Mark,https://open.spotify.com/artist/0tbeZu9lv8YEKSQ9tZSslu,0tbeZu9lv8YEKSQ9tZSslu,66,268203,"['alternative r&b', 'indie r&b', 'indie soul', 'neo soul', 'nyc pop']"
338,Ravyn Lenae,https://open.spotify.com/artist/5RTLRtXjbXI2lSXc6jxlAz,5RTLRtXjbXI2lSXc6jxlAz,56,270118,"['alternative r&b', 'escape room', 'indie r&b', 'indie soul', 'r&b']"
339,Jordan Rakei,https://open.spotify.com/artist/24icoQNJSEWNu3XvqKBR68,24icoQNJSEWNu3XvqKBR68,65,270805,"['alternative r&b', 'indie jazz', 'indie r&b', 'indie soul', 'neo r&b']"
340,Allen Stone,https://open.spotify.com/artist/536osqBGKzeozje8BfcGsa,536osqBGKzeozje8BfcGsa,58,271778,['retro soul']
341,THEY.,https://open.spotify.com/artist/0pghUohLPptZWBasy2wmUx,0pghUohLPptZWBasy2wmUx,62,272454,"['alternative r&b', 'pop r&b', 'r&b', 'trap soul', 'underground hip hop']"
342,Vedo,https://open.spotify.com/artist/3wVXTWabe3viT0jF7DfjOL,3wVXTWabe3viT0jF7DfjOL,71,282445,"['chill r&b', 'pop r&b', 'pop rap', 'r&b']"
343,Elle Varner,https://open.spotify.com/artist/7zmk5lkmCMVvfvwF3H8FWC,7zmk5lkmCMVvfvwF3H8FWC,46,284366,"['hip pop', 'neo soul', 'pop r&b', 'r&b', 'urban contemporary']"
344,Celeste,https://open.spotify.com/artist/49HlOY4gkHqsYG9GCuhkcc,49HlOY4gkHqsYG9GCuhkcc,69,302199,['british soul']
345,Jeff Bernat,https://open.spotify.com/artist/2vVT4qoxWje0gVD2FiWZ4u,2vVT4qoxWje0gVD2FiWZ4u,65,303306,"['chill r&b', 'pop', 'popping']"
346,ROLE MODEL,https://open.spotify.com/artist/1dy5WNgIKQU6ezkpZs4y8z,1dy5WNgIKQU6ezkpZs4y8z,68,305092,"['alt z', 'bedroom pop', 'indie pop', 'pop']"
347,IDK,https://open.spotify.com/artist/6aiFCgyKNwF9Rv5TOxnE8E,6aiFCgyKNwF9Rv5TOxnE8E,67,306133,"['dmv rap', 'hip hop', 'pop rap', 'rap', 'trap', 'underground hip hop']"
348,Xavier OmÃ¤r,https://open.spotify.com/artist/3UjPnt2nRmw10N58bBeNOg,3UjPnt2nRmw10N58bBeNOg,59,306756,"['alternative r&b', 'chill r&b', 'indie r&b', 'indie soul', 'r&b', 'trap soul']"
349,tobi lou,https://open.spotify.com/artist/4T8NIfZmVY6TJFqVzN6X49,4T8NIfZmVY6TJFqVzN6X49,67,307969,"['alternative r&b', 'chicago rap', 'chill r&b', 'pop', 'pop rap']"
350,Duckwrth,https://open.spotify.com/artist/6I3MElirhT5t6Kf7p0hGk9,6I3MElirhT5t6Kf7p0hGk9,68,309506,"['alternative r&b', 'escape room', 'indie r&b', 'indie soul', 'underground hip hop']"
351,Rejjie Snow,https://open.spotify.com/artist/3lLHpTOJ11tWiUNGYN14gt,3lLHpTOJ11tWiUNGYN14gt,66,337775,"['indie r&b', 'indie soul', 'irish hip hop', 'rap']"
352,Sam Kim,https://open.spotify.com/artist/4BBN286rBKyCWsSPq2cxYO,4BBN286rBKyCWsSPq2cxYO,70,343518,"['chill r&b', 'k-pop', 'korean pop', 'korean r&b']"
353,The Underachievers,https://open.spotify.com/artist/51Pn4gGnZuyOMDfIT1Zy3N,51Pn4gGnZuyOMDfIT1Zy3N,54,343553,"['psychedelic hip hop', 'rap', 'underground hip hop']"
354,Raveena,https://open.spotify.com/artist/2kQnsbKnIiMahOetwlfcaS,2kQnsbKnIiMahOetwlfcaS,64,347358,"['alternative r&b', 'chill r&b', 'indie r&b', 'indie soul']"
355,Sinead Harnett,https://open.spotify.com/artist/6tUJpYN2aYiXbzAcg0pIOo,6tUJpYN2aYiXbzAcg0pIOo,66,361364,"['alternative r&b', 'chill r&b', 'dance pop', 'gauze pop', 'indie r&b', 'indie soul', 'pop', 'pop r&b', 'r&b', 'uk contemporary r&b']"
356,IAMDDB,https://open.spotify.com/artist/7za6M9P94wuMsOVCHopTsI,7za6M9P94wuMsOVCHopTsI,59,363787,"['alternative r&b', 'indie soul', 'uk contemporary r&b']"
357,Arlo Parks,https://open.spotify.com/artist/4kIwETcbpuFgRukE8o7Opx,4kIwETcbpuFgRukE8o7Opx,66,366790,"['indie soul', 'uk contemporary r&b']"
358,BJ The Chicago Kid,https://open.spotify.com/artist/07d5etnpjriczFBB8pxmRe,07d5etnpjriczFBB8pxmRe,68,369763,"['alternative r&b', 'chicago rap', 'hip hop', 'indie r&b', 'indie soul', 'neo soul', 'pop r&b', 'r&b', 'underground hip hop']"
359,Blaque,https://open.spotify.com/artist/1nSRa2YjjFWJLHGKM07oGQ,1nSRa2YjjFWJLHGKM07oGQ,50,370469,"['girl group', 'hip pop', 'r&b', 'urban contemporary']"
360,Tierra Whack,https://open.spotify.com/artist/4lPl9gqgox3JDiaJ1yklKh,4lPl9gqgox3JDiaJ1yklKh,64,370623,"['alternative r&b', 'escape room', 'indie soul']"
361,ChantÃ© Moore,https://open.spotify.com/artist/77OlE8SkEHDkJczfswzDFo,77OlE8SkEHDkJczfswzDFo,46,383159,"['hip pop', 'neo soul', 'new jack swing', 'quiet storm', 'r&b', 'urban contemporary']"
362,LeToya Luckett,https://open.spotify.com/artist/1EyK0glCKdNVaKjVxFOHCD,1EyK0glCKdNVaKjVxFOHCD,37,383598,"['hip pop', 'pop r&b', 'r&b', 'urban contemporary']"
363,Phum Viphurit,https://open.spotify.com/artist/5mqguTgtaoCMNMZD6txCh6,5mqguTgtaoCMNMZD6txCh6,62,386269,"['bedroom pop', 'chill r&b']"
364,Jacob Banks,https://open.spotify.com/artist/0AepkoQhYvkjEzzwIcGxdV,0AepkoQhYvkjEzzwIcGxdV,65,395301,"['modern alternative rock', 'uk contemporary r&b']"
365,TWENTY88,https://open.spotify.com/artist/6g8AmloI8egfrr3dm3SnUL,6g8AmloI8egfrr3dm3SnUL,51,399271,"['alternative r&b', 'pop r&b', 'r&b']"
366,slowthai,https://open.spotify.com/artist/3r1XkJ7vCs8kHBSzGvPLdP,3r1XkJ7vCs8kHBSzGvPLdP,68,400884,"['hip hop', 'rap', 'uk alternative hip hop', 'uk hip hop', 'underground hip hop']"
367,Bas,https://open.spotify.com/artist/70gP6Ry4Uo0Yx6uzPIdaiJ,70gP6Ry4Uo0Yx6uzPIdaiJ,73,405474,"['hip hop', 'queens hip hop', 'rap', 'sudanese pop', 'underground hip hop']"
368,RINI,https://open.spotify.com/artist/2joIhhX3Feq47H4QXVDOr3,2joIhhX3Feq47H4QXVDOr3,67,405617,"['alternative r&b', 'australian r&b', 'bedroom soul', 'chill r&b', 'pop']"
369,Omar Apollo,https://open.spotify.com/artist/5FxD8fkQZ6KcsSYupDVoSO,5FxD8fkQZ6KcsSYupDVoSO,69,426926,"['alternative r&b', 'bedroom pop', 'bedroom soul', 'chill r&b', 'indie r&b', 'pop', 'r&b']"
370,Mac Ayres,https://open.spotify.com/artist/0fTav4sBLmYOAzKuJw0grL,0fTav4sBLmYOAzKuJw0grL,65,435234,"['alternative r&b', 'chill r&b', 'indie r&b', 'indie soul', 'pop', 'r&b']"
371,Victoria MonÃ©t,https://open.spotify.com/artist/63XBtGSEZINSyXylZxEUbv,63XBtGSEZINSyXylZxEUbv,66,440038,"['alternative r&b', 'chill r&b', 'dance pop', 'indie r&b', 'pop', 'pop r&b', 'post-teen pop', 'r&b', 'urban contemporary']"
372,Sammie,https://open.spotify.com/artist/4p07QU02SrLsaORo25h2Lg,4p07QU02SrLsaORo25h2Lg,66,446321,"['hip pop', 'pop r&b', 'pop rap', 'r&b', 'urban contemporary']"
373,Marsha Ambrosius,https://open.spotify.com/artist/46VWDbmWmzvPBTmkSr25gM,46VWDbmWmzvPBTmkSr25gM,53,446576,"['british soul', 'hip pop', 'neo soul', 'pop r&b', 'r&b', 'urban contemporary']"
374,Hiatus Kaiyote,https://open.spotify.com/artist/43JlwunhXm1oqdKyOa2Z9Y,43JlwunhXm1oqdKyOa2Z9Y,61,451100,"['australian r&b', 'indie jazz', 'indie soul', 'shiver pop']"
375,Loyle Carner,https://open.spotify.com/artist/4oDjh8wNW5vDHyFRrDYC4k,4oDjh8wNW5vDHyFRrDYC4k,68,452553,"['indie soul', 'london rap', 'uk alternative hip hop']"
376,Tweet,https://open.spotify.com/artist/6zDBeei6hHRiZdAJ6zoTCo,6zDBeei6hHRiZdAJ6zoTCo,53,462714,"['hip hop', 'hip pop', 'neo soul', 'r&b', 'urban contemporary']"
377,Cherish,https://open.spotify.com/artist/1c70yCa8sRgIiQxl3HOEFo,1c70yCa8sRgIiQxl3HOEFo,70,467337,"['atl hip hop', 'dance pop', 'girl group', 'hip pop', 'pop r&b', 'r&b', 'southern hip hop', 'urban contemporary']"
378,Kota the Friend,https://open.spotify.com/artist/2AfU5LYBVCiCtuCCfM7uVX,2AfU5LYBVCiCtuCCfM7uVX,68,471204,"['hip hop', 'rap', 'underground hip hop']"
379,Ari Lennox,https://open.spotify.com/artist/1vaQ6v3pOFxAIrFoPrAcom,1vaQ6v3pOFxAIrFoPrAcom,70,474194,"['alternative r&b', 'chill r&b', 'dmv rap', 'indie r&b', 'indie soul', 'neo soul', 'pop', 'r&b', 'urban contemporary']"
380,Stephanie Poetri,https://open.spotify.com/artist/0HS00NN7MAfF59aJnfcxSO,0HS00NN7MAfF59aJnfcxSO,61,482503,['indonesian pop']
381,LeToya,https://open.spotify.com/artist/5xenrbYhp4IRydrWpBe4Bx,5xenrbYhp4IRydrWpBe4Bx,42,494157,"['hip pop', 'pop r&b', 'r&b', 'urban contemporary']"
382,Mick Jenkins,https://open.spotify.com/artist/1FvjvACFvko2Z91IvDljrx,1FvjvACFvko2Z91IvDljrx,67,496082,"['chicago rap', 'conscious hip hop', 'drill', 'escape room', 'hip hop', 'rap', 'underground hip hop']"
383,Justine Skye,https://open.spotify.com/artist/0jUQSUOcM7lxVn5eVGTkzQ,0jUQSUOcM7lxVn5eVGTkzQ,61,502758,"['alternative r&b', 'chill r&b', 'indie r&b', 'pop', 'pop r&b', 'post-teen pop', 'r&b']"
384,Keke Palmer,https://open.spotify.com/artist/2YFBOR9KIxC6WqHclkj9Yq,2YFBOR9KIxC6WqHclkj9Yq,58,508586,"['dance pop', 'pop r&b', 'post-teen pop', 'r&b']"
385,Danity Kane,https://open.spotify.com/artist/3FD9VAd0ppjmKbfxF4LzUh,3FD9VAd0ppjmKbfxF4LzUh,51,508987,"['dance pop', 'girl group', 'hip pop', 'post-teen pop', 'r&b', 'urban contemporary']"
386,Nao,https://open.spotify.com/artist/7aFTOGFDEqDtJUCziLVsVC,7aFTOGFDEqDtJUCziLVsVC,66,510739,"['alternative r&b', 'chill r&b', 'indie r&b', 'indie soul', 'neo soul', 'pop', 'r&b', 'uk contemporary r&b']"
387,Saba,https://open.spotify.com/artist/7Hjbimq43OgxaBRpFXic4x,7Hjbimq43OgxaBRpFXic4x,68,521768,"['alternative r&b', 'chicago rap', 'hip hop', 'rap', 'underground hip hop']"
388,KeKe Wyatt,https://open.spotify.com/artist/0KWcq2E8ejxp78jdfpCd4K,0KWcq2E8ejxp78jdfpCd4K,51,547479,"['hip pop', 'neo soul', 'new jack swing', 'pop r&b', 'r&b', 'urban contemporary']"
389,Nivea,https://open.spotify.com/artist/15Dh5PvHQj909E0RgAe0aN,15Dh5PvHQj909E0RgAe0aN,52,556767,"['atl hip hop', 'hip pop', 'pop r&b', 'r&b', 'urban contemporary']"
390,Smino,https://open.spotify.com/artist/1ybINI1qPiFbwDXamRtwxD,1ybINI1qPiFbwDXamRtwxD,72,570981,"['alternative r&b', 'hip hop', 'rap', 'underground hip hop']"
391,Noname,https://open.spotify.com/artist/1EpyA68dKpjf7jXmQL88Hy,1EpyA68dKpjf7jXmQL88Hy,61,583560,"['alternative r&b', 'chicago rap', 'escape room', 'hip hop', 'indie soul', 'neo soul', 'underground hip hop']"
392,Mila J,https://open.spotify.com/artist/6cN9XwPMj9bWzJ32GC6V7v,6cN9XwPMj9bWzJ32GC6V7v,56,587573,"['alternative r&b', 'hip pop', 'pop r&b', 'r&b', 'trap queen', 'urban contemporary']"
393,Rina Sawayama,https://open.spotify.com/artist/2KEqzdPS7M5YwGmiuPTdr5,2KEqzdPS7M5YwGmiuPTdr5,65,597057,"['art pop', 'dance pop', 'electropop', 'escape room', 'indie poptimism', 'pop']"
394,UMI,https://open.spotify.com/artist/4ClziihVpBeFXNyDH83Lde,4ClziihVpBeFXNyDH83Lde,67,599299,"['alternative r&b', 'bedroom soul', 'chill r&b', 'indie r&b', 'pop', 'r&b']"
395,William Singe,https://open.spotify.com/artist/5exS0bytCYdixgv02DaCm3,5exS0bytCYdixgv02DaCm3,65,599437,"['chill r&b', 'pop', 'pop r&b', 'r&b', 'urban contemporary']"
396,SiR,https://open.spotify.com/artist/3QTDHixorJelOLxoxcjqGx,3QTDHixorJelOLxoxcjqGx,68,599443,"['alternative r&b', 'hip hop', 'indie soul', 'la pop', 'r&b', 'rap']"
397,Dreezy,https://open.spotify.com/artist/7gWumE1wMALHXANLSIt054,7gWumE1wMALHXANLSIt054,59,618609,"['chicago rap', 'drill', 'escape room', 'hip pop', 'pop r&b', 'r&b', 'trap queen']"
398,Kevin Abstract,https://open.spotify.com/artist/07EcmJpfAday8xGkslfanE,07EcmJpfAday8xGkslfanE,65,623244,"['afrofuturism', 'alternative r&b', 'hip hop', 'lgbtq+ hip hop', 'rap']"
399,EARTHGANG,https://open.spotify.com/artist/5MbNzCW3qokGyoo9giHA3V,5MbNzCW3qokGyoo9giHA3V,70,625967,"['atl hip hop', 'hip hop', 'psychedelic hip hop', 'rap', 'underground hip hop']"
400,Majid Jordan,https://open.spotify.com/artist/4HzKw8XcD0piJmDrrPRCYk,4HzKw8XcD0piJmDrrPRCYk,72,643690,"['alternative r&b', 'canadian contemporary r&b', 'pop', 'r&b', 'trap soul']"
401,Mahalia,https://open.spotify.com/artist/16rCzZOMQX7P8Kmn5YKexI,16rCzZOMQX7P8Kmn5YKexI,68,648004,"['alternative r&b', 'chill r&b', 'dance pop', 'indie anthem-folk', 'indie soul', 'pop', 'r&b', 'uk contemporary r&b']"
402,Bruno Major,https://open.spotify.com/artist/0hDjKSKjl1DC7ovYTDJHe8,0hDjKSKjl1DC7ovYTDJHe8,70,653970,"['chill r&b', 'pop']"
403,Tink,https://open.spotify.com/artist/4v6XOdonnfpdTKTRJArG7v,4v6XOdonnfpdTKTRJArG7v,64,664447,"['chicago rap', 'drill', 'pop', 'pop r&b', 'pop rap', 'r&b', 'trap queen']"
404,Marques Houston,https://open.spotify.com/artist/1goOx6gnQdUllLfSMsL4Rt,1goOx6gnQdUllLfSMsL4Rt,52,672093,"['hip pop', 'new jack swing', 'pop r&b', 'r&b', 'urban contemporary']"
405,Snoh Aalegra,https://open.spotify.com/artist/1A9o3Ljt67pFZ89YtPPL5X,1A9o3Ljt67pFZ89YtPPL5X,72,684981,"['alternative r&b', 'chill r&b', 'indie r&b', 'indie soul', 'pop', 'r&b', 'scandinavian r&b', 'swedish soul']"
406,Melanie Fiona,https://open.spotify.com/artist/4O2YL4ygn6eTBC0w1hyWUM,4O2YL4ygn6eTBC0w1hyWUM,52,691131,"['canadian pop', 'hip pop', 'neo soul', 'pop r&b', 'r&b', 'urban contemporary']"
407,Amerie,https://open.spotify.com/artist/08rMCq2ek1YjdDBsCPVH2s,08rMCq2ek1YjdDBsCPVH2s,57,707468,"['dance pop', 'hip hop', 'hip pop', 'neo soul', 'r&b', 'urban contemporary']"
408,88rising,https://open.spotify.com/artist/1AhjOkOLkbHUfcHDSErXQs,1AhjOkOLkbHUfcHDSErXQs,72,726019,"['asian american hip hop', 'pop']"
409,GoldLink,https://open.spotify.com/artist/5XenQ7XfcvQdfIbpLEFaKQ,5XenQ7XfcvQdfIbpLEFaKQ,70,757737,"['alternative r&b', 'dmv rap', 'hip hop', 'indie soul', 'r&b', 'rap', 'underground hip hop']"
410,Big K.R.I.T.,https://open.spotify.com/artist/0CKa42Jqrc9fSFbDjePaXP,0CKa42Jqrc9fSFbDjePaXP,64,771954,"['alternative hip hop', 'conscious hip hop', 'dirty south rap', 'gangster rap', 'hip hop', 'houston rap', 'mississippi hip hop', 'pop rap', 'rap', 'southern hip hop', 'trap', 'underground hip hop']"
411,Trina,https://open.spotify.com/artist/4PrinKSrmILmo0kERG0Ogn,4PrinKSrmILmo0kERG0Ogn,60,793407,"['hip pop', 'miami hip hop', 'pop r&b', 'pop rap', 'r&b', 'rap', 'rap latina', 'southern hip hop', 'trap', 'trap queen']"
412,Roy Woods,https://open.spotify.com/artist/7mDU6nMUJnOSY2Hkjz5oqM,7mDU6nMUJnOSY2Hkjz5oqM,68,810072,"['canadian contemporary r&b', 'canadian hip hop', 'pop rap', 'r&b', 'trap', 'trap soul']"
413,Shelley FKA DRAM,https://open.spotify.com/artist/5M0lbkGluOPXLeFjApw8r8,5M0lbkGluOPXLeFjApw8r8,65,810933,"['alternative r&b', 'pop rap', 'rap', 'trap', 'underground hip hop', 'virginia hip hop']"
414,Rico Nasty,https://open.spotify.com/artist/2OaHYHb2XcFPvqL3VsyPzU,2OaHYHb2XcFPvqL3VsyPzU,71,815579,"['dance pop', 'dmv rap', 'escape room', 'pop', 'trap queen']"
415,DaniLeigh,https://open.spotify.com/artist/0XIKGBo9PnK1ApI5tZA60d,0XIKGBo9PnK1ApI5tZA60d,66,836648,"['pop', 'pop r&b', 'pop rap', 'r&b', 'rap latina']"
416,Freddie Gibbs,https://open.spotify.com/artist/0Y4inQK6OespitzD6ijMwb,0Y4inQK6OespitzD6ijMwb,72,842537,"['alternative hip hop', 'hip hop', 'indiana hip hop', 'rap', 'southern hip hop', 'trap', 'underground hip hop']"
417,Ab-Soul,https://open.spotify.com/artist/0g9vAlRPK9Gt3FKCekk4TW,0g9vAlRPK9Gt3FKCekk4TW,62,853704,"['alternative hip hop', 'conscious hip hop', 'escape room', 'hip hop', 'rap', 'southern hip hop', 'underground hip hop']"
418,Tamar Braxton,https://open.spotify.com/artist/1MT1Wz4G9Z9EVOg4L5zZMS,1MT1Wz4G9Z9EVOg4L5zZMS,52,893490,"['dance pop', 'hip pop', 'neo soul', 'pop r&b', 'r&b', 'urban contemporary']"
419,Alina Baraz,https://open.spotify.com/artist/6hfwwpXqZPRC9CsKI7qtv1,6hfwwpXqZPRC9CsKI7qtv1,72,953891,"['alternative r&b', 'etherpop', 'pop', 'r&b']"
420,NIKI,https://open.spotify.com/artist/2kxP07DLgs4xlWz8YHlvfh,2kxP07DLgs4xlWz8YHlvfh,74,1012384,"['chill r&b', 'indonesian r&b', 'pop']"
421,Isaiah Rashad,https://open.spotify.com/artist/6aaMZ3fcfLv4tEbmY7bjRM,6aaMZ3fcfLv4tEbmY7bjRM,74,1013172,"['hip hop', 'rap', 'tennessee hip hop', 'underground hip hop']"
422,dvsn,https://open.spotify.com/artist/7e1ICztHM2Sc4JNLxeMXYl,7e1ICztHM2Sc4JNLxeMXYl,67,1013607,"['alternative r&b', 'canadian contemporary r&b', 'pop', 'pop r&b', 'pop rap', 'r&b', 'trap soul']"
423,Jessie Reyez,https://open.spotify.com/artist/3KedxarmBCyFBevnqQHy3P,3KedxarmBCyFBevnqQHy3P,73,1014270,"['canadian contemporary r&b', 'canadian pop', 'dance pop', 'pop', 'r&b']"
424,Pleasure P,https://open.spotify.com/artist/6dROiL44pIQZVNZ6Bc0OJO,6dROiL44pIQZVNZ6Bc0OJO,54,1017606,"['hip pop', 'pop r&b', 'pop rap', 'r&b', 'trap', 'urban contemporary']"
425,The Internet,https://open.spotify.com/artist/7GN9PivdemQRKjDt4z5Zv8,7GN9PivdemQRKjDt4z5Zv8,64,1028416,"['alternative r&b', 'escape room', 'indie soul', 'lgbtq+ hip hop', 'neo soul', 'r&b']"
426,MÃ½a,https://open.spotify.com/artist/6lHL3ubAMgSasKjNqKb8HF,6lHL3ubAMgSasKjNqKb8HF,66,1039658,"['dance pop', 'hip hop', 'hip pop', 'neo soul', 'pop r&b', 'r&b', 'urban contemporary']"
427,Christina Milian,https://open.spotify.com/artist/4eAOcbAXIF4BmbN6E1QIlw,4eAOcbAXIF4BmbN6E1QIlw,58,1060734,"['dance pop', 'hip hop', 'hip pop', 'post-teen pop', 'r&b', 'urban contemporary']"
428,Sevyn Streeter,https://open.spotify.com/artist/6If57j6e3TXXk0HiLcIZca,6If57j6e3TXXk0HiLcIZca,65,1063225,"['alternative r&b', 'dance pop', 'hip pop', 'indie r&b', 'neo soul', 'pop', 'pop r&b', 'pop rap', 'r&b', 'trap queen', 'urban contemporary']"
429,Kiana LedÃ©,https://open.spotify.com/artist/7jZMxhsB8djyIbYmoiJSTs,7jZMxhsB8djyIbYmoiJSTs,70,1093745,"['alternative r&b', 'chill r&b', 'dance pop', 'pop', 'pop r&b', 'pop rap', 'r&b', 'urban contemporary']"
430,Avant,https://open.spotify.com/artist/0AunegKKH2ys98aLxq8G1A,0AunegKKH2ys98aLxq8G1A,59,1111926,"['hip pop', 'neo soul', 'new jack swing', 'pop r&b', 'r&b', 'urban contemporary']"
431,Xscape,https://open.spotify.com/artist/5z2cHsOmmmWcAPNG1oEhw0,5z2cHsOmmmWcAPNG1oEhw0,55,1174246,"['atl hip hop', 'girl group', 'hip hop', 'hip pop', 'neo soul', 'new jack swing', 'pop r&b', 'quiet storm', 'r&b', 'urban contemporary']"
432,Sabrina Claudio,https://open.spotify.com/artist/30DhU7BDmF4PH0JVhu8ZRg,30DhU7BDmF4PH0JVhu8ZRg,68,1216949,"['alternative r&b', 'chill r&b', 'pop', 'r&b']"
433,J. Holiday,https://open.spotify.com/artist/7G6hXrjGpi6I7waNl4wxAk,7G6hXrjGpi6I7waNl4wxAk,57,1255340,"['bassline', 'hip pop', 'new jack swing', 'pop r&b', 'pop rap', 'r&b', 'urban contemporary']"
434,Teyana Taylor,https://open.spotify.com/artist/4ULO7IGI3M2bo0Ap7B9h8a,4ULO7IGI3M2bo0Ap7B9h8a,66,1263935,"['alternative r&b', 'dance pop', 'hip pop', 'neo soul', 'pop', 'pop r&b', 'pop rap', 'r&b', 'urban contemporary']"
435,Chloe x Halle,https://open.spotify.com/artist/0AsThoR4KZSVktALiNcQwW,0AsThoR4KZSVktALiNcQwW,66,1348185,"['alternative r&b', 'dance pop', 'pop', 'post-teen pop', 'r&b', 'urban contemporary']"
436,K. Michelle,https://open.spotify.com/artist/2retT7MFwHDVTeGKDdybEx,2retT7MFwHDVTeGKDdybEx,55,1374025,"['dance pop', 'hip pop', 'neo soul', 'pop r&b', 'r&b', 'urban contemporary']"
437,Jazmine Sullivan,https://open.spotify.com/artist/7gSjFKpVmDgC2MMsnN8CYq,7gSjFKpVmDgC2MMsnN8CYq,68,1489352,"['alternative r&b', 'dance pop', 'hip pop', 'neo soul', 'pop', 'pop r&b', 'pop rap', 'r&b', 'urban contemporary']"
438,Fantasia,https://open.spotify.com/artist/7xAcVHPiirnUqfdqo0USb1,7xAcVHPiirnUqfdqo0USb1,61,1527699,"['dance pop', 'hip pop', 'neo soul', 'pop r&b', 'quiet storm', 'r&b', 'urban contemporary']"
439,Cordae,https://open.spotify.com/artist/0huGjMyP507tBCARyzSkrv,0huGjMyP507tBCARyzSkrv,73,1559871,"['dmv rap', 'hip hop', 'pop rap', 'rap', 'trap', 'underground hip hop', 'vapor trap']"
440,Keri Hilson,https://open.spotify.com/artist/63wjoROpeh5f11Qm93UiJ1,63wjoROpeh5f11Qm93UiJ1,70,1574708,"['dance pop', 'hip pop', 'neo soul', 'pop', 'pop r&b', 'post-teen pop', 'r&b', 'urban contemporary']"
441,Solange,https://open.spotify.com/artist/2auiVi8sUZo17dLy1HwrTU,2auiVi8sUZo17dLy1HwrTU,65,1591459,"['afrofuturism', 'alternative r&b', 'dance pop', 'escape room', 'hip pop', 'indie soul', 'neo soul', 'pop', 'r&b', 'urban contemporary']"
442,AminÃ©,https://open.spotify.com/artist/3Gm5F95VdRxW3mqCn8RPBJ,3Gm5F95VdRxW3mqCn8RPBJ,77,1672279,"['hip hop', 'pop', 'portland hip hop', 'rap', 'underground hip hop']"
443,Brent Faiyaz,https://open.spotify.com/artist/3tlXnStJ1fFhdScmQeLpuG,3tlXnStJ1fFhdScmQeLpuG,81,1878474,"['dmv rap', 'pop', 'r&b', 'rap']"
444,Anderson .Paak,https://open.spotify.com/artist/3jK9MiCrA42lLAdMGUZpwa,3jK9MiCrA42lLAdMGUZpwa,83,1989989,['escape room']
445,Queen Naija,https://open.spotify.com/artist/3nViOFa3kZW8OMSNOzwr98,3nViOFa3kZW8OMSNOzwr98,69,2040360,"['dance pop', 'pop', 'pop r&b', 'pop rap', 'r&b', 'urban contemporary']"
446,Tinashe,https://open.spotify.com/artist/0NIIxcxNHmOoyBx03SfTCD,0NIIxcxNHmOoyBx03SfTCD,74,2177290,"['alternative r&b', 'dance pop', 'electropop', 'hip pop', 'metropopolis', 'pop', 'pop r&b', 'pop rap', 'post-teen pop', 'r&b', 'urban contemporary']"
447,Jorja Smith,https://open.spotify.com/artist/1CoZyIx7UvdxT5c8UkMzHd,1CoZyIx7UvdxT5c8UkMzHd,77,2406063,"['pop', 'r&b', 'uk contemporary r&b']"
448,Summer Walker,https://open.spotify.com/artist/57LYzLEk2LcFghVwuWbcuS,57LYzLEk2LcFghVwuWbcuS,84,2758798,"['pop', 'pop rap', 'r&b']"
449,6LACK,https://open.spotify.com/artist/4IVAbR2w4JJNJDDRFP3E83,4IVAbR2w4JJNJDDRFP3E83,82,3193085,"['alternative r&b', 'atl hip hop', 'hip hop', 'melodic rap', 'r&b', 'rap', 'trap']"
450,PARTYNEXTDOOR,https://open.spotify.com/artist/2HPaUgqeutzr3jx5a9WyDV,2HPaUgqeutzr3jx5a9WyDV,80,3338833,"['pop', 'pop rap', 'r&b', 'rap', 'toronto rap', 'trap', 'urban contemporary']"
451,Ella Mai,https://open.spotify.com/artist/7HkdQ0gt53LP4zmHsL0nap,7HkdQ0gt53LP4zmHsL0nap,73,3917805,"['dance pop', 'pop', 'pop r&b', 'pop rap', 'r&b', 'uk contemporary r&b', 'urban contemporary']"
452,H.E.R.,https://open.spotify.com/artist/3Y7RZ31TRPVadSFVy1o8os,3Y7RZ31TRPVadSFVy1o8os,81,4434978,"['alternative r&b', 'dance pop', 'pop', 'r&b']"
453,JhenÃ© Aiko,https://open.spotify.com/artist/5ZS223C6JyBfXasXxrRqOk,5ZS223C6JyBfXasXxrRqOk,82,4940317,"['alternative r&b', 'dance pop', 'pop', 'pop rap', 'r&b', 'urban contemporary']"
454,Kehlani,https://open.spotify.com/artist/0cGUm45nv7Z6M6qdXYQGTX,0cGUm45nv7Z6M6qdXYQGTX,81,5180557,"['dance pop', 'pop', 'r&b']"
455,Chance the Rapper,https://open.spotify.com/artist/1anyVhU62p31KFi8MEzkbf,1anyVhU62p31KFi8MEzkbf,81,5450038,"['chicago rap', 'conscious hip hop', 'hip hop', 'pop rap', 'rap']"
456,SZA,https://open.spotify.com/artist/7tYKF4w9nC0nq9CsPZTHyP,7tYKF4w9nC0nq9CsPZTHyP,87,6426367,"['pop', 'r&b', 'rap']"
